date,year,month,item_id,item_name,department,category,criticality,lead_time_days,unit_cost_inr,hot_metal_production_mt,plant_operating_hours,is_planned_shutdown,actual_consumption
2016-01-31,2016,1,SP-BF-001,Tuyere Copper Cooler (Blast Furnace),Blast Furnace,Capital Spares,High,45,85000,384341,714,0,14
2016-02-29,2016,2,SP-BF-001,Tuyere Copper Cooler (Blast Furnace),Blast Furnace,Capital Spares,High,45,85000,371333,703,0,15
2016-03-31,2016,3,SP-BF-001,Tuyere Copper Cooler (Blast Furnace),Blast Furnace,Capital Spares,High,45,85000,393094,700,1,18
2016-04-30,2016,4,SP-BF-001,Tuyere Copper Cooler (Blast Furnace),Blast Furnace,Capital Spares,High,45,85000,375627,703,0,13
2016-05-31,2016,5,SP-BF-001,Tuyere Copper Cooler (Blast Furnace),Blast Furnace,Capital Spares,High,45,85000,382281,708,0,11
2016-06-30,2016,6,SP-BF-001,Tuyere Copper Cooler (Blast Furnace),Blast Furnace,Capital Spares,High,45,85000,386926,702,0,12
2016-07-31,2016,7,SP-BF-001,Tuyere Copper Cooler (Blast Furnace),Blast Furnace,Capital Spares,High,45,85000,372981,709,0,10
2016-08-31,2016,8,SP-BF-001,Tuyere Copper Cooler (Blast Furnace),Blast Furnace,Capital Spares,High,45,85000,375234,710,0,13
2016-09-30,2016,9,SP-BF-001,Tuyere Copper Cooler (Blast Furnace),Blast Furnace,Capital Spares,High,45,85000,375922,712,0,14
2016-10-31,2016,10,SP-BF-001,Tuyere Copper Cooler (Blast Furnace),Blast Furnace,Capital Spares,High,45,85000,375470,701,0,18
2016-11-30,2016,11,SP-BF-001,Tuyere Copper Cooler (Blast Furnace),Blast Furnace,Capital Spares,High,45,85000,375458,702,1,19
2016-12-31,2016,12,SP-BF-001,Tuyere Copper Cooler (Blast Furnace),Blast Furnace,Capital Spares,High,45,85000,376009,718,0,14
2017-01-31,2017,1,SP-BF-001,Tuyere Copper Cooler (Blast Furnace),Blast Furnace,Capital Spares,High,45,85000,386624,706,0,12
2017-02-28,2017,2,SP-BF-001,Tuyere Copper Cooler (Blast Furnace),Blast Furnace,Capital Spares,High,45,85000,402290,703,0,16
2017-03-31,2017,3,SP-BF-001,Tuyere Copper Cooler (Blast Furnace),Blast Furnace,Capital Spares,High,45,85000,385951,701,1,16
2017-04-30,2017,4,SP-BF-001,Tuyere Copper Cooler (Blast Furnace),Blast Furnace,Capital Spares,High,45,85000,371953,705,0,11
2017-05-31,2017,5,SP-BF-001,Tuyere Copper Cooler (Blast Furnace),Blast Furnace,Capital Spares,High,45,85000,376346,705,0,16
2017-06-30,2017,6,SP-BF-001,Tuyere Copper Cooler (Blast Furnace),Blast Furnace,Capital Spares,High,45,85000,370981,716,0,14
2017-07-31,2017,7,SP-BF-001,Tuyere Copper Cooler (Blast Furnace),Blast Furnace,Capital Spares,High,45,85000,374614,700,0,13
2017-08-31,2017,8,SP-BF-001,Tuyere Copper Cooler (Blast Furnace),Blast Furnace,Capital Spares,High,45,85000,384699,714,0,14
2017-09-30,2017,9,SP-BF-001,Tuyere Copper Cooler (Blast Furnace),Blast Furnace,Capital Spares,High,45,85000,373314,717,0,13
2017-10-31,2017,10,SP-BF-001,Tuyere Copper Cooler (Blast Furnace),Blast Furnace,Capital Spares,High,45,85000,367956,701,0,18
2017-11-30,2017,11,SP-BF-001,Tuyere Copper Cooler (Blast Furnace),Blast Furnace,Capital Spares,High,45,85000,371175,714,1,14
2017-12-31,2017,12,SP-BF-001,Tuyere Copper Cooler (Blast Furnace),Blast Furnace,Capital Spares,High,45,85000,386722,709,0,15
2018-01-31,2018,1,SP-BF-001,Tuyere Copper Cooler (Blast Furnace),Blast Furnace,Capital Spares,High,45,85000,382633,715,0,13
2018-02-28,2018,2,SP-BF-001,Tuyere Copper Cooler (Blast Furnace),Blast Furnace,Capital Spares,High,45,85000,391632,709,0,14
2018-03-31,2018,3,SP-BF-001,Tuyere Copper Cooler (Blast Furnace),Blast Furnace,Capital Spares,High,45,85000,358970,700,1,17
2018-04-30,2018,4,SP-BF-001,Tuyere Copper Cooler (Blast Furnace),Blast Furnace,Capital Spares,High,45,85000,368502,710,0,16
2018-05-31,2018,5,SP-BF-001,Tuyere Copper Cooler (Blast Furnace),Blast Furnace,Capital Spares,High,45,85000,378019,708,0,14
2018-06-30,2018,6,SP-BF-001,Tuyere Copper Cooler (Blast Furnace),Blast Furnace,Capital Spares,High,45,85000,373498,701,0,15
2018-07-31,2018,7,SP-BF-001,Tuyere Copper Cooler (Blast Furnace),Blast Furnace,Capital Spares,High,45,85000,373346,718,0,11
2018-08-31,2018,8,SP-BF-001,Tuyere Copper Cooler (Blast Furnace),Blast Furnace,Capital Spares,High,45,85000,383742,717,0,14
2018-09-30,2018,9,SP-BF-001,Tuyere Copper Cooler (Blast Furnace),Blast Furnace,Capital Spares,High,45,85000,375558,717,0,15
2018-10-31,2018,10,SP-BF-001,Tuyere Copper Cooler (Blast Furnace),Blast Furnace,Capital Spares,High,45,85000,390651,717,0,16
2018-11-30,2018,11,SP-BF-001,Tuyere Copper Cooler (Blast Furnace),Blast Furnace,Capital Spares,High,45,85000,374190,704,1,15
2018-12-31,2018,12,SP-BF-001,Tuyere Copper Cooler (Blast Furnace),Blast Furnace,Capital Spares,High,45,85000,389872,717,0,13
2019-01-31,2019,1,SP-BF-001,Tuyere Copper Cooler (Blast Furnace),Blast Furnace,Capital Spares,High,45,85000,376948,708,0,12
2019-02-28,2019,2,SP-BF-001,Tuyere Copper Cooler (Blast Furnace),Blast Furnace,Capital Spares,High,45,85000,374073,706,0,12
2019-03-31,2019,3,SP-BF-001,Tuyere Copper Cooler (Blast Furnace),Blast Furnace,Capital Spares,High,45,85000,375754,710,1,15
2019-04-30,2019,4,SP-BF-001,Tuyere Copper Cooler (Blast Furnace),Blast Furnace,Capital Spares,High,45,85000,370143,719,0,15
2019-05-31,2019,5,SP-BF-001,Tuyere Copper Cooler (Blast Furnace),Blast Furnace,Capital Spares,High,45,85000,363141,705,0,13
2019-06-30,2019,6,SP-BF-001,Tuyere Copper Cooler (Blast Furnace),Blast Furnace,Capital Spares,High,45,85000,377646,710,0,12
2019-07-31,2019,7,SP-BF-001,Tuyere Copper Cooler (Blast Furnace),Blast Furnace,Capital Spares,High,45,85000,375531,702,0,12
2019-08-31,2019,8,SP-BF-001,Tuyere Copper Cooler (Blast Furnace),Blast Furnace,Capital Spares,High,45,85000,379350,704,0,11
2019-09-30,2019,9,SP-BF-001,Tuyere Copper Cooler (Blast Furnace),Blast Furnace,Capital Spares,High,45,85000,385113,704,0,14
2019-10-31,2019,10,SP-BF-001,Tuyere Copper Cooler (Blast Furnace),Blast Furnace,Capital Spares,High,45,85000,371157,712,0,17
2019-11-30,2019,11,SP-BF-001,Tuyere Copper Cooler (Blast Furnace),Blast Furnace,Capital Spares,High,45,85000,381123,701,1,18
2019-12-31,2019,12,SP-BF-001,Tuyere Copper Cooler (Blast Furnace),Blast Furnace,Capital Spares,High,45,85000,373370,703,0,14
2020-01-31,2020,1,SP-BF-001,Tuyere Copper Cooler (Blast Furnace),Blast Furnace,Capital Spares,High,45,85000,378991,713,0,12
2020-02-29,2020,2,SP-BF-001,Tuyere Copper Cooler (Blast Furnace),Blast Furnace,Capital Spares,High,45,85000,378309,704,0,13
2020-03-31,2020,3,SP-BF-001,Tuyere Copper Cooler (Blast Furnace),Blast Furnace,Capital Spares,High,45,85000,370240,713,1,16
2020-04-30,2020,4,SP-BF-001,Tuyere Copper Cooler (Blast Furnace),Blast Furnace,Capital Spares,High,45,85000,382914,702,0,13
2020-05-31,2020,5,SP-BF-001,Tuyere Copper Cooler (Blast Furnace),Blast Furnace,Capital Spares,High,45,85000,372342,718,0,13
2020-06-30,2020,6,SP-BF-001,Tuyere Copper Cooler (Blast Furnace),Blast Furnace,Capital Spares,High,45,85000,375554,713,0,14
2020-07-31,2020,7,SP-BF-001,Tuyere Copper Cooler (Blast Furnace),Blast Furnace,Capital Spares,High,45,85000,379953,710,0,14
2020-08-31,2020,8,SP-BF-001,Tuyere Copper Cooler (Blast Furnace),Blast Furnace,Capital Spares,High,45,85000,375797,717,0,11
2020-09-30,2020,9,SP-BF-001,Tuyere Copper Cooler (Blast Furnace),Blast Furnace,Capital Spares,High,45,85000,380198,706,0,14
2020-10-31,2020,10,SP-BF-001,Tuyere Copper Cooler (Blast Furnace),Blast Furnace,Capital Spares,High,45,85000,388026,717,0,14
2020-11-30,2020,11,SP-BF-001,Tuyere Copper Cooler (Blast Furnace),Blast Furnace,Capital Spares,High,45,85000,380127,712,1,16
2020-12-31,2020,12,SP-BF-001,Tuyere Copper Cooler (Blast Furnace),Blast Furnace,Capital Spares,High,45,85000,379945,700,0,15
2021-01-31,2021,1,SP-BF-001,Tuyere Copper Cooler (Blast Furnace),Blast Furnace,Capital Spares,High,45,85000,381001,700,0,12
2021-02-28,2021,2,SP-BF-001,Tuyere Copper Cooler (Blast Furnace),Blast Furnace,Capital Spares,High,45,85000,380094,713,0,11
2021-03-31,2021,3,SP-BF-001,Tuyere Copper Cooler (Blast Furnace),Blast Furnace,Capital Spares,High,45,85000,369619,714,1,17
2021-04-30,2021,4,SP-BF-001,Tuyere Copper Cooler (Blast Furnace),Blast Furnace,Capital Spares,High,45,85000,372994,714,0,12
2021-05-31,2021,5,SP-BF-001,Tuyere Copper Cooler (Blast Furnace),Blast Furnace,Capital Spares,High,45,85000,386140,713,0,14
2021-06-30,2021,6,SP-BF-001,Tuyere Copper Cooler (Blast Furnace),Blast Furnace,Capital Spares,High,45,85000,372101,707,0,14
2021-07-31,2021,7,SP-BF-001,Tuyere Copper Cooler (Blast Furnace),Blast Furnace,Capital Spares,High,45,85000,371933,719,0,10
2021-08-31,2021,8,SP-BF-001,Tuyere Copper Cooler (Blast Furnace),Blast Furnace,Capital Spares,High,45,85000,385491,712,0,11
2021-09-30,2021,9,SP-BF-001,Tuyere Copper Cooler (Blast Furnace),Blast Furnace,Capital Spares,High,45,85000,378853,711,0,16
2021-10-31,2021,10,SP-BF-001,Tuyere Copper Cooler (Blast Furnace),Blast Furnace,Capital Spares,High,45,85000,367970,714,0,15
2021-11-30,2021,11,SP-BF-001,Tuyere Copper Cooler (Blast Furnace),Blast Furnace,Capital Spares,High,45,85000,370542,718,1,16
2021-12-31,2021,12,SP-BF-001,Tuyere Copper Cooler (Blast Furnace),Blast Furnace,Capital Spares,High,45,85000,377802,719,0,15
2022-01-31,2022,1,SP-BF-001,Tuyere Copper Cooler (Blast Furnace),Blast Furnace,Capital Spares,High,45,85000,370644,717,0,10
2022-02-28,2022,2,SP-BF-001,Tuyere Copper Cooler (Blast Furnace),Blast Furnace,Capital Spares,High,45,85000,370080,711,0,12
2022-03-31,2022,3,SP-BF-001,Tuyere Copper Cooler (Blast Furnace),Blast Furnace,Capital Spares,High,45,85000,377896,711,1,15
2022-04-30,2022,4,SP-BF-001,Tuyere Copper Cooler (Blast Furnace),Blast Furnace,Capital Spares,High,45,85000,378307,719,0,11
2022-05-31,2022,5,SP-BF-001,Tuyere Copper Cooler (Blast Furnace),Blast Furnace,Capital Spares,High,45,85000,377079,717,0,11
2022-06-30,2022,6,SP-BF-001,Tuyere Copper Cooler (Blast Furnace),Blast Furnace,Capital Spares,High,45,85000,382869,714,0,14
2022-07-31,2022,7,SP-BF-001,Tuyere Copper Cooler (Blast Furnace),Blast Furnace,Capital Spares,High,45,85000,366869,716,0,9
2022-08-31,2022,8,SP-BF-001,Tuyere Copper Cooler (Blast Furnace),Blast Furnace,Capital Spares,High,45,85000,378830,718,0,11
2022-09-30,2022,9,SP-BF-001,Tuyere Copper Cooler (Blast Furnace),Blast Furnace,Capital Spares,High,45,85000,380327,715,0,19
2022-10-31,2022,10,SP-BF-001,Tuyere Copper Cooler (Blast Furnace),Blast Furnace,Capital Spares,High,45,85000,386129,715,0,16
2022-11-30,2022,11,SP-BF-001,Tuyere Copper Cooler (Blast Furnace),Blast Furnace,Capital Spares,High,45,85000,374423,707,1,16
2022-12-31,2022,12,SP-BF-001,Tuyere Copper Cooler (Blast Furnace),Blast Furnace,Capital Spares,High,45,85000,377838,700,0,11
2023-01-31,2023,1,SP-BF-001,Tuyere Copper Cooler (Blast Furnace),Blast Furnace,Capital Spares,High,45,85000,393060,705,0,9
2023-02-28,2023,2,SP-BF-001,Tuyere Copper Cooler (Blast Furnace),Blast Furnace,Capital Spares,High,45,85000,373682,700,0,13
2023-03-31,2023,3,SP-BF-001,Tuyere Copper Cooler (Blast Furnace),Blast Furnace,Capital Spares,High,45,85000,373274,702,1,16
2023-04-30,2023,4,SP-BF-001,Tuyere Copper Cooler (Blast Furnace),Blast Furnace,Capital Spares,High,45,85000,387704,704,0,13
2023-05-31,2023,5,SP-BF-001,Tuyere Copper Cooler (Blast Furnace),Blast Furnace,Capital Spares,High,45,85000,371439,701,0,13
2023-06-30,2023,6,SP-BF-001,Tuyere Copper Cooler (Blast Furnace),Blast Furnace,Capital Spares,High,45,85000,393588,712,0,16
2023-07-31,2023,7,SP-BF-001,Tuyere Copper Cooler (Blast Furnace),Blast Furnace,Capital Spares,High,45,85000,362246,715,0,11
2023-08-31,2023,8,SP-BF-001,Tuyere Copper Cooler (Blast Furnace),Blast Furnace,Capital Spares,High,45,85000,373469,701,0,8
2023-09-30,2023,9,SP-BF-001,Tuyere Copper Cooler (Blast Furnace),Blast Furnace,Capital Spares,High,45,85000,380211,708,0,14
2023-10-31,2023,10,SP-BF-001,Tuyere Copper Cooler (Blast Furnace),Blast Furnace,Capital Spares,High,45,85000,374252,705,0,14
2023-11-30,2023,11,SP-BF-001,Tuyere Copper Cooler (Blast Furnace),Blast Furnace,Capital Spares,High,45,85000,389160,713,1,15
2023-12-31,2023,12,SP-BF-001,Tuyere Copper Cooler (Blast Furnace),Blast Furnace,Capital Spares,High,45,85000,379304,712,0,15
2024-01-31,2024,1,SP-BF-001,Tuyere Copper Cooler (Blast Furnace),Blast Furnace,Capital Spares,High,45,85000,365631,707,0,11
2024-02-29,2024,2,SP-BF-001,Tuyere Copper Cooler (Blast Furnace),Blast Furnace,Capital Spares,High,45,85000,374614,701,0,15
2024-03-31,2024,3,SP-BF-001,Tuyere Copper Cooler (Blast Furnace),Blast Furnace,Capital Spares,High,45,85000,353564,703,1,12
2024-04-30,2024,4,SP-BF-001,Tuyere Copper Cooler (Blast Furnace),Blast Furnace,Capital Spares,High,45,85000,362298,712,0,10
2024-05-31,2024,5,SP-BF-001,Tuyere Copper Cooler (Blast Furnace),Blast Furnace,Capital Spares,High,45,85000,373194,707,0,12
2024-06-30,2024,6,SP-BF-001,Tuyere Copper Cooler (Blast Furnace),Blast Furnace,Capital Spares,High,45,85000,376688,717,0,16
2024-07-31,2024,7,SP-BF-001,Tuyere Copper Cooler (Blast Furnace),Blast Furnace,Capital Spares,High,45,85000,369400,701,0,12
2024-08-31,2024,8,SP-BF-001,Tuyere Copper Cooler (Blast Furnace),Blast Furnace,Capital Spares,High,45,85000,374859,711,0,11
2024-09-30,2024,9,SP-BF-001,Tuyere Copper Cooler (Blast Furnace),Blast Furnace,Capital Spares,High,45,85000,377073,707,0,13
2024-10-31,2024,10,SP-BF-001,Tuyere Copper Cooler (Blast Furnace),Blast Furnace,Capital Spares,High,45,85000,371967,710,0,18
2024-11-30,2024,11,SP-BF-001,Tuyere Copper Cooler (Blast Furnace),Blast Furnace,Capital Spares,High,45,85000,375214,719,1,15
2024-12-31,2024,12,SP-BF-001,Tuyere Copper Cooler (Blast Furnace),Blast Furnace,Capital Spares,High,45,85000,372869,706,0,13
2025-01-31,2025,1,SP-BF-001,Tuyere Copper Cooler (Blast Furnace),Blast Furnace,Capital Spares,High,45,85000,372707,702,0,14
2025-02-28,2025,2,SP-BF-001,Tuyere Copper Cooler (Blast Furnace),Blast Furnace,Capital Spares,High,45,85000,383781,717,0,15
2025-03-31,2025,3,SP-BF-001,Tuyere Copper Cooler (Blast Furnace),Blast Furnace,Capital Spares,High,45,85000,382782,705,1,16
2025-04-30,2025,4,SP-BF-001,Tuyere Copper Cooler (Blast Furnace),Blast Furnace,Capital Spares,High,45,85000,380906,716,0,11
2025-05-31,2025,5,SP-BF-001,Tuyere Copper Cooler (Blast Furnace),Blast Furnace,Capital Spares,High,45,85000,376791,707,0,13
2025-06-30,2025,6,SP-BF-001,Tuyere Copper Cooler (Blast Furnace),Blast Furnace,Capital Spares,High,45,85000,372134,718,0,15
2025-07-31,2025,7,SP-BF-001,Tuyere Copper Cooler (Blast Furnace),Blast Furnace,Capital Spares,High,45,85000,375378,715,0,13
2025-08-31,2025,8,SP-BF-001,Tuyere Copper Cooler (Blast Furnace),Blast Furnace,Capital Spares,High,45,85000,374011,718,0,12
2025-09-30,2025,9,SP-BF-001,Tuyere Copper Cooler (Blast Furnace),Blast Furnace,Capital Spares,High,45,85000,386321,706,0,13
2025-10-31,2025,10,SP-BF-001,Tuyere Copper Cooler (Blast Furnace),Blast Furnace,Capital Spares,High,45,85000,375223,700,0,16
2025-11-30,2025,11,SP-BF-001,Tuyere Copper Cooler (Blast Furnace),Blast Furnace,Capital Spares,High,45,85000,379271,719,1,14
2025-12-31,2025,12,SP-BF-001,Tuyere Copper Cooler (Blast Furnace),Blast Furnace,Capital Spares,High,45,85000,390681,708,0,14
2026-01-31,2026,1,SP-BF-001,Tuyere Copper Cooler (Blast Furnace),Blast Furnace,Capital Spares,High,45,85000,371951,713,0,12
2026-02-28,2026,2,SP-BF-001,Tuyere Copper Cooler (Blast Furnace),Blast Furnace,Capital Spares,High,45,85000,386165,715,0,15
2026-03-31,2026,3,SP-BF-001,Tuyere Copper Cooler (Blast Furnace),Blast Furnace,Capital Spares,High,45,85000,379902,701,1,15
2026-04-30,2026,4,SP-BF-001,Tuyere Copper Cooler (Blast Furnace),Blast Furnace,Capital Spares,High,45,85000,363279,717,0,17
2026-05-31,2026,5,SP-BF-001,Tuyere Copper Cooler (Blast Furnace),Blast Furnace,Capital Spares,High,45,85000,373396,702,0,13
2026-06-30,2026,6,SP-BF-001,Tuyere Copper Cooler (Blast Furnace),Blast Furnace,Capital Spares,High,45,85000,384910,702,0,16
2026-07-31,2026,7,SP-BF-001,Tuyere Copper Cooler (Blast Furnace),Blast Furnace,Capital Spares,High,45,85000,381959,701,0,11
2026-08-31,2026,8,SP-BF-001,Tuyere Copper Cooler (Blast Furnace),Blast Furnace,Capital Spares,High,45,85000,384472,701,0,14
2016-01-31,2016,1,SP-BF-002,Mud Gun Piston Assembly & Nozzle,Blast Furnace,Mechanical Spares,Critical,60,180000,368614,716,0,5
2016-02-29,2016,2,SP-BF-002,Mud Gun Piston Assembly & Nozzle,Blast Furnace,Mechanical Spares,Critical,60,180000,374953,701,0,7
2016-03-31,2016,3,SP-BF-002,Mud Gun Piston Assembly & Nozzle,Blast Furnace,Mechanical Spares,Critical,60,180000,382838,708,1,8
2016-04-30,2016,4,SP-BF-002,Mud Gun Piston Assembly & Nozzle,Blast Furnace,Mechanical Spares,Critical,60,180000,377879,709,0,6
2016-05-31,2016,5,SP-BF-002,Mud Gun Piston Assembly & Nozzle,Blast Furnace,Mechanical Spares,Critical,60,180000,382934,714,0,5
2016-06-30,2016,6,SP-BF-002,Mud Gun Piston Assembly & Nozzle,Blast Furnace,Mechanical Spares,Critical,60,180000,384308,707,0,6
2016-07-31,2016,7,SP-BF-002,Mud Gun Piston Assembly & Nozzle,Blast Furnace,Mechanical Spares,Critical,60,180000,385905,704,0,5
2016-08-31,2016,8,SP-BF-002,Mud Gun Piston Assembly & Nozzle,Blast Furnace,Mechanical Spares,Critical,60,180000,380887,719,0,6
2016-09-30,2016,9,SP-BF-002,Mud Gun Piston Assembly & Nozzle,Blast Furnace,Mechanical Spares,Critical,60,180000,381114,719,0,5
2016-10-31,2016,10,SP-BF-002,Mud Gun Piston Assembly & Nozzle,Blast Furnace,Mechanical Spares,Critical,60,180000,398727,713,0,7
2016-11-30,2016,11,SP-BF-002,Mud Gun Piston Assembly & Nozzle,Blast Furnace,Mechanical Spares,Critical,60,180000,397736,711,1,6
2016-12-31,2016,12,SP-BF-002,Mud Gun Piston Assembly & Nozzle,Blast Furnace,Mechanical Spares,Critical,60,180000,379427,712,0,7
2017-01-31,2017,1,SP-BF-002,Mud Gun Piston Assembly & Nozzle,Blast Furnace,Mechanical Spares,Critical,60,180000,373310,709,0,5
2017-02-28,2017,2,SP-BF-002,Mud Gun Piston Assembly & Nozzle,Blast Furnace,Mechanical Spares,Critical,60,180000,388307,701,0,4
2017-03-31,2017,3,SP-BF-002,Mud Gun Piston Assembly & Nozzle,Blast Furnace,Mechanical Spares,Critical,60,180000,382773,706,1,9
2017-04-30,2017,4,SP-BF-002,Mud Gun Piston Assembly & Nozzle,Blast Furnace,Mechanical Spares,Critical,60,180000,384612,703,0,7
2017-05-31,2017,5,SP-BF-002,Mud Gun Piston Assembly & Nozzle,Blast Furnace,Mechanical Spares,Critical,60,180000,369461,718,0,8
2017-06-30,2017,6,SP-BF-002,Mud Gun Piston Assembly & Nozzle,Blast Furnace,Mechanical Spares,Critical,60,180000,379446,716,0,6
2017-07-31,2017,7,SP-BF-002,Mud Gun Piston Assembly & Nozzle,Blast Furnace,Mechanical Spares,Critical,60,180000,366314,719,0,7
2017-08-31,2017,8,SP-BF-002,Mud Gun Piston Assembly & Nozzle,Blast Furnace,Mechanical Spares,Critical,60,180000,382244,709,0,6
2017-09-30,2017,9,SP-BF-002,Mud Gun Piston Assembly & Nozzle,Blast Furnace,Mechanical Spares,Critical,60,180000,367265,701,0,5
2017-10-31,2017,10,SP-BF-002,Mud Gun Piston Assembly & Nozzle,Blast Furnace,Mechanical Spares,Critical,60,180000,382114,719,0,7
2017-11-30,2017,11,SP-BF-002,Mud Gun Piston Assembly & Nozzle,Blast Furnace,Mechanical Spares,Critical,60,180000,380078,715,1,7
2017-12-31,2017,12,SP-BF-002,Mud Gun Piston Assembly & Nozzle,Blast Furnace,Mechanical Spares,Critical,60,180000,377529,702,0,4
2018-01-31,2018,1,SP-BF-002,Mud Gun Piston Assembly & Nozzle,Blast Furnace,Mechanical Spares,Critical,60,180000,380717,704,0,6
2018-02-28,2018,2,SP-BF-002,Mud Gun Piston Assembly & Nozzle,Blast Furnace,Mechanical Spares,Critical,60,180000,388179,707,0,7
2018-03-31,2018,3,SP-BF-002,Mud Gun Piston Assembly & Nozzle,Blast Furnace,Mechanical Spares,Critical,60,180000,382400,710,1,6
2018-04-30,2018,4,SP-BF-002,Mud Gun Piston Assembly & Nozzle,Blast Furnace,Mechanical Spares,Critical,60,180000,380674,717,0,8
2018-05-31,2018,5,SP-BF-002,Mud Gun Piston Assembly & Nozzle,Blast Furnace,Mechanical Spares,Critical,60,180000,396118,717,0,8
2018-06-30,2018,6,SP-BF-002,Mud Gun Piston Assembly & Nozzle,Blast Furnace,Mechanical Spares,Critical,60,180000,371664,700,0,6
2018-07-31,2018,7,SP-BF-002,Mud Gun Piston Assembly & Nozzle,Blast Furnace,Mechanical Spares,Critical,60,180000,384885,714,0,7
2018-08-31,2018,8,SP-BF-002,Mud Gun Piston Assembly & Nozzle,Blast Furnace,Mechanical Spares,Critical,60,180000,376321,700,0,5
2018-09-30,2018,9,SP-BF-002,Mud Gun Piston Assembly & Nozzle,Blast Furnace,Mechanical Spares,Critical,60,180000,388163,707,0,4
2018-10-31,2018,10,SP-BF-002,Mud Gun Piston Assembly & Nozzle,Blast Furnace,Mechanical Spares,Critical,60,180000,386795,706,0,7
2018-11-30,2018,11,SP-BF-002,Mud Gun Piston Assembly & Nozzle,Blast Furnace,Mechanical Spares,Critical,60,180000,391686,707,1,7
2018-12-31,2018,12,SP-BF-002,Mud Gun Piston Assembly & Nozzle,Blast Furnace,Mechanical Spares,Critical,60,180000,387553,718,0,6
2019-01-31,2019,1,SP-BF-002,Mud Gun Piston Assembly & Nozzle,Blast Furnace,Mechanical Spares,Critical,60,180000,364687,709,0,5
2019-02-28,2019,2,SP-BF-002,Mud Gun Piston Assembly & Nozzle,Blast Furnace,Mechanical Spares,Critical,60,180000,376867,706,0,6
2019-03-31,2019,3,SP-BF-002,Mud Gun Piston Assembly & Nozzle,Blast Furnace,Mechanical Spares,Critical,60,180000,367550,701,1,7
2019-04-30,2019,4,SP-BF-002,Mud Gun Piston Assembly & Nozzle,Blast Furnace,Mechanical Spares,Critical,60,180000,369008,706,0,6
2019-05-31,2019,5,SP-BF-002,Mud Gun Piston Assembly & Nozzle,Blast Furnace,Mechanical Spares,Critical,60,180000,376461,713,0,6
2019-06-30,2019,6,SP-BF-002,Mud Gun Piston Assembly & Nozzle,Blast Furnace,Mechanical Spares,Critical,60,180000,373706,700,0,5
2019-07-31,2019,7,SP-BF-002,Mud Gun Piston Assembly & Nozzle,Blast Furnace,Mechanical Spares,Critical,60,180000,373106,703,0,4
2019-08-31,2019,8,SP-BF-002,Mud Gun Piston Assembly & Nozzle,Blast Furnace,Mechanical Spares,Critical,60,180000,366619,707,0,5
2019-09-30,2019,9,SP-BF-002,Mud Gun Piston Assembly & Nozzle,Blast Furnace,Mechanical Spares,Critical,60,180000,391011,700,0,5
2019-10-31,2019,10,SP-BF-002,Mud Gun Piston Assembly & Nozzle,Blast Furnace,Mechanical Spares,Critical,60,180000,380604,701,0,7
2019-11-30,2019,11,SP-BF-002,Mud Gun Piston Assembly & Nozzle,Blast Furnace,Mechanical Spares,Critical,60,180000,376105,716,1,6
2019-12-31,2019,12,SP-BF-002,Mud Gun Piston Assembly & Nozzle,Blast Furnace,Mechanical Spares,Critical,60,180000,371626,704,0,6
2020-01-31,2020,1,SP-BF-002,Mud Gun Piston Assembly & Nozzle,Blast Furnace,Mechanical Spares,Critical,60,180000,376169,712,0,3
2020-02-29,2020,2,SP-BF-002,Mud Gun Piston Assembly & Nozzle,Blast Furnace,Mechanical Spares,Critical,60,180000,373522,714,0,3
2020-03-31,2020,3,SP-BF-002,Mud Gun Piston Assembly & Nozzle,Blast Furnace,Mechanical Spares,Critical,60,180000,382582,710,1,7
2020-04-30,2020,4,SP-BF-002,Mud Gun Piston Assembly & Nozzle,Blast Furnace,Mechanical Spares,Critical,60,180000,370918,708,0,6
2020-05-31,2020,5,SP-BF-002,Mud Gun Piston Assembly & Nozzle,Blast Furnace,Mechanical Spares,Critical,60,180000,366142,705,0,6
2020-06-30,2020,6,SP-BF-002,Mud Gun Piston Assembly & Nozzle,Blast Furnace,Mechanical Spares,Critical,60,180000,376833,706,0,6
2020-07-31,2020,7,SP-BF-002,Mud Gun Piston Assembly & Nozzle,Blast Furnace,Mechanical Spares,Critical,60,180000,373371,702,0,4
2020-08-31,2020,8,SP-BF-002,Mud Gun Piston Assembly & Nozzle,Blast Furnace,Mechanical Spares,Critical,60,180000,379884,713,0,6
2020-09-30,2020,9,SP-BF-002,Mud Gun Piston Assembly & Nozzle,Blast Furnace,Mechanical Spares,Critical,60,180000,378180,701,0,7
2020-10-31,2020,10,SP-BF-002,Mud Gun Piston Assembly & Nozzle,Blast Furnace,Mechanical Spares,Critical,60,180000,396121,714,0,8
2020-11-30,2020,11,SP-BF-002,Mud Gun Piston Assembly & Nozzle,Blast Furnace,Mechanical Spares,Critical,60,180000,370429,705,1,6
2020-12-31,2020,12,SP-BF-002,Mud Gun Piston Assembly & Nozzle,Blast Furnace,Mechanical Spares,Critical,60,180000,388752,711,0,4
2021-01-31,2021,1,SP-BF-002,Mud Gun Piston Assembly & Nozzle,Blast Furnace,Mechanical Spares,Critical,60,180000,368030,702,0,6
2021-02-28,2021,2,SP-BF-002,Mud Gun Piston Assembly & Nozzle,Blast Furnace,Mechanical Spares,Critical,60,180000,375241,703,0,5
2021-03-31,2021,3,SP-BF-002,Mud Gun Piston Assembly & Nozzle,Blast Furnace,Mechanical Spares,Critical,60,180000,374211,703,1,6
2021-04-30,2021,4,SP-BF-002,Mud Gun Piston Assembly & Nozzle,Blast Furnace,Mechanical Spares,Critical,60,180000,359563,719,0,6
2021-05-31,2021,5,SP-BF-002,Mud Gun Piston Assembly & Nozzle,Blast Furnace,Mechanical Spares,Critical,60,180000,376921,719,0,5
2021-06-30,2021,6,SP-BF-002,Mud Gun Piston Assembly & Nozzle,Blast Furnace,Mechanical Spares,Critical,60,180000,380573,705,0,6
2021-07-31,2021,7,SP-BF-002,Mud Gun Piston Assembly & Nozzle,Blast Furnace,Mechanical Spares,Critical,60,180000,382594,718,0,4
2021-08-31,2021,8,SP-BF-002,Mud Gun Piston Assembly & Nozzle,Blast Furnace,Mechanical Spares,Critical,60,180000,394421,705,0,7
2021-09-30,2021,9,SP-BF-002,Mud Gun Piston Assembly & Nozzle,Blast Furnace,Mechanical Spares,Critical,60,180000,373673,706,0,6
2021-10-31,2021,10,SP-BF-002,Mud Gun Piston Assembly & Nozzle,Blast Furnace,Mechanical Spares,Critical,60,180000,380899,704,0,4
2021-11-30,2021,11,SP-BF-002,Mud Gun Piston Assembly & Nozzle,Blast Furnace,Mechanical Spares,Critical,60,180000,380745,705,1,6
2021-12-31,2021,12,SP-BF-002,Mud Gun Piston Assembly & Nozzle,Blast Furnace,Mechanical Spares,Critical,60,180000,370019,709,0,6
2022-01-31,2022,1,SP-BF-002,Mud Gun Piston Assembly & Nozzle,Blast Furnace,Mechanical Spares,Critical,60,180000,372030,706,0,5
2022-02-28,2022,2,SP-BF-002,Mud Gun Piston Assembly & Nozzle,Blast Furnace,Mechanical Spares,Critical,60,180000,372384,713,0,6
2022-03-31,2022,3,SP-BF-002,Mud Gun Piston Assembly & Nozzle,Blast Furnace,Mechanical Spares,Critical,60,180000,380432,709,1,8
2022-04-30,2022,4,SP-BF-002,Mud Gun Piston Assembly & Nozzle,Blast Furnace,Mechanical Spares,Critical,60,180000,364077,718,0,4
2022-05-31,2022,5,SP-BF-002,Mud Gun Piston Assembly & Nozzle,Blast Furnace,Mechanical Spares,Critical,60,180000,379304,718,0,5
2022-06-30,2022,6,SP-BF-002,Mud Gun Piston Assembly & Nozzle,Blast Furnace,Mechanical Spares,Critical,60,180000,380135,716,0,7
2022-07-31,2022,7,SP-BF-002,Mud Gun Piston Assembly & Nozzle,Blast Furnace,Mechanical Spares,Critical,60,180000,379066,704,0,4
2022-08-31,2022,8,SP-BF-002,Mud Gun Piston Assembly & Nozzle,Blast Furnace,Mechanical Spares,Critical,60,180000,374400,716,0,4
2022-09-30,2022,9,SP-BF-002,Mud Gun Piston Assembly & Nozzle,Blast Furnace,Mechanical Spares,Critical,60,180000,378725,707,0,7
2022-10-31,2022,10,SP-BF-002,Mud Gun Piston Assembly & Nozzle,Blast Furnace,Mechanical Spares,Critical,60,180000,374744,716,0,7
2022-11-30,2022,11,SP-BF-002,Mud Gun Piston Assembly & Nozzle,Blast Furnace,Mechanical Spares,Critical,60,180000,362172,709,1,5
2022-12-31,2022,12,SP-BF-002,Mud Gun Piston Assembly & Nozzle,Blast Furnace,Mechanical Spares,Critical,60,180000,384143,710,0,4
2023-01-31,2023,1,SP-BF-002,Mud Gun Piston Assembly & Nozzle,Blast Furnace,Mechanical Spares,Critical,60,180000,378946,707,0,5
2023-02-28,2023,2,SP-BF-002,Mud Gun Piston Assembly & Nozzle,Blast Furnace,Mechanical Spares,Critical,60,180000,382961,712,0,5
2023-03-31,2023,3,SP-BF-002,Mud Gun Piston Assembly & Nozzle,Blast Furnace,Mechanical Spares,Critical,60,180000,366127,702,1,7
2023-04-30,2023,4,SP-BF-002,Mud Gun Piston Assembly & Nozzle,Blast Furnace,Mechanical Spares,Critical,60,180000,380242,710,0,7
2023-05-31,2023,5,SP-BF-002,Mud Gun Piston Assembly & Nozzle,Blast Furnace,Mechanical Spares,Critical,60,180000,377916,703,0,6
2023-06-30,2023,6,SP-BF-002,Mud Gun Piston Assembly & Nozzle,Blast Furnace,Mechanical Spares,Critical,60,180000,368876,714,0,5
2023-07-31,2023,7,SP-BF-002,Mud Gun Piston Assembly & Nozzle,Blast Furnace,Mechanical Spares,Critical,60,180000,377133,715,0,4
2023-08-31,2023,8,SP-BF-002,Mud Gun Piston Assembly & Nozzle,Blast Furnace,Mechanical Spares,Critical,60,180000,374158,716,0,6
2023-09-30,2023,9,SP-BF-002,Mud Gun Piston Assembly & Nozzle,Blast Furnace,Mechanical Spares,Critical,60,180000,374709,715,0,4
2023-10-31,2023,10,SP-BF-002,Mud Gun Piston Assembly & Nozzle,Blast Furnace,Mechanical Spares,Critical,60,180000,373591,714,0,6
2023-11-30,2023,11,SP-BF-002,Mud Gun Piston Assembly & Nozzle,Blast Furnace,Mechanical Spares,Critical,60,180000,382800,713,1,7
2023-12-31,2023,12,SP-BF-002,Mud Gun Piston Assembly & Nozzle,Blast Furnace,Mechanical Spares,Critical,60,180000,365036,706,0,6
2024-01-31,2024,1,SP-BF-002,Mud Gun Piston Assembly & Nozzle,Blast Furnace,Mechanical Spares,Critical,60,180000,363813,709,0,7
2024-02-29,2024,2,SP-BF-002,Mud Gun Piston Assembly & Nozzle,Blast Furnace,Mechanical Spares,Critical,60,180000,377543,712,0,8
2024-03-31,2024,3,SP-BF-002,Mud Gun Piston Assembly & Nozzle,Blast Furnace,Mechanical Spares,Critical,60,180000,377045,713,1,7
2024-04-30,2024,4,SP-BF-002,Mud Gun Piston Assembly & Nozzle,Blast Furnace,Mechanical Spares,Critical,60,180000,377798,703,0,6
2024-05-31,2024,5,SP-BF-002,Mud Gun Piston Assembly & Nozzle,Blast Furnace,Mechanical Spares,Critical,60,180000,389466,708,0,7
2024-06-30,2024,6,SP-BF-002,Mud Gun Piston Assembly & Nozzle,Blast Furnace,Mechanical Spares,Critical,60,180000,377567,718,0,5
2024-07-31,2024,7,SP-BF-002,Mud Gun Piston Assembly & Nozzle,Blast Furnace,Mechanical Spares,Critical,60,180000,369343,719,0,4
2024-08-31,2024,8,SP-BF-002,Mud Gun Piston Assembly & Nozzle,Blast Furnace,Mechanical Spares,Critical,60,180000,394068,707,0,5
2024-09-30,2024,9,SP-BF-002,Mud Gun Piston Assembly & Nozzle,Blast Furnace,Mechanical Spares,Critical,60,180000,375171,716,0,5
2024-10-31,2024,10,SP-BF-002,Mud Gun Piston Assembly & Nozzle,Blast Furnace,Mechanical Spares,Critical,60,180000,382250,718,0,4
2024-11-30,2024,11,SP-BF-002,Mud Gun Piston Assembly & Nozzle,Blast Furnace,Mechanical Spares,Critical,60,180000,367238,714,1,5
2024-12-31,2024,12,SP-BF-002,Mud Gun Piston Assembly & Nozzle,Blast Furnace,Mechanical Spares,Critical,60,180000,365747,709,0,5
2025-01-31,2025,1,SP-BF-002,Mud Gun Piston Assembly & Nozzle,Blast Furnace,Mechanical Spares,Critical,60,180000,375176,709,0,5
2025-02-28,2025,2,SP-BF-002,Mud Gun Piston Assembly & Nozzle,Blast Furnace,Mechanical Spares,Critical,60,180000,382721,707,0,5
2025-03-31,2025,3,SP-BF-002,Mud Gun Piston Assembly & Nozzle,Blast Furnace,Mechanical Spares,Critical,60,180000,390226,700,1,7
2025-04-30,2025,4,SP-BF-002,Mud Gun Piston Assembly & Nozzle,Blast Furnace,Mechanical Spares,Critical,60,180000,369634,719,0,6
2025-05-31,2025,5,SP-BF-002,Mud Gun Piston Assembly & Nozzle,Blast Furnace,Mechanical Spares,Critical,60,180000,375010,701,0,4
2025-06-30,2025,6,SP-BF-002,Mud Gun Piston Assembly & Nozzle,Blast Furnace,Mechanical Spares,Critical,60,180000,376947,711,0,6
2025-07-31,2025,7,SP-BF-002,Mud Gun Piston Assembly & Nozzle,Blast Furnace,Mechanical Spares,Critical,60,180000,377042,704,0,5
2025-08-31,2025,8,SP-BF-002,Mud Gun Piston Assembly & Nozzle,Blast Furnace,Mechanical Spares,Critical,60,180000,376117,703,0,5
2025-09-30,2025,9,SP-BF-002,Mud Gun Piston Assembly & Nozzle,Blast Furnace,Mechanical Spares,Critical,60,180000,376706,711,0,5
2025-10-31,2025,10,SP-BF-002,Mud Gun Piston Assembly & Nozzle,Blast Furnace,Mechanical Spares,Critical,60,180000,386918,708,0,4
2025-11-30,2025,11,SP-BF-002,Mud Gun Piston Assembly & Nozzle,Blast Furnace,Mechanical Spares,Critical,60,180000,385894,703,1,4
2025-12-31,2025,12,SP-BF-002,Mud Gun Piston Assembly & Nozzle,Blast Furnace,Mechanical Spares,Critical,60,180000,379024,718,0,5
2026-01-31,2026,1,SP-BF-002,Mud Gun Piston Assembly & Nozzle,Blast Furnace,Mechanical Spares,Critical,60,180000,368739,712,0,5
2026-02-28,2026,2,SP-BF-002,Mud Gun Piston Assembly & Nozzle,Blast Furnace,Mechanical Spares,Critical,60,180000,377104,703,0,6
2026-03-31,2026,3,SP-BF-002,Mud Gun Piston Assembly & Nozzle,Blast Furnace,Mechanical Spares,Critical,60,180000,387485,700,1,8
2026-04-30,2026,4,SP-BF-002,Mud Gun Piston Assembly & Nozzle,Blast Furnace,Mechanical Spares,Critical,60,180000,374364,713,0,5
2026-05-31,2026,5,SP-BF-002,Mud Gun Piston Assembly & Nozzle,Blast Furnace,Mechanical Spares,Critical,60,180000,375803,713,0,6
2026-06-30,2026,6,SP-BF-002,Mud Gun Piston Assembly & Nozzle,Blast Furnace,Mechanical Spares,Critical,60,180000,377194,704,0,6
2026-07-31,2026,7,SP-BF-002,Mud Gun Piston Assembly & Nozzle,Blast Furnace,Mechanical Spares,Critical,60,180000,385687,716,0,6
2026-08-31,2026,8,SP-BF-002,Mud Gun Piston Assembly & Nozzle,Blast Furnace,Mechanical Spares,Critical,60,180000,393171,704,0,4
2016-01-31,2016,1,SP-BF-003,BF Bleeder Valve Disc & Seat Ring,Blast Furnace,Valves & Piping,Critical,75,310000,385120,700,0,4
2016-02-29,2016,2,SP-BF-003,BF Bleeder Valve Disc & Seat Ring,Blast Furnace,Valves & Piping,Critical,75,310000,366821,717,0,6
2016-03-31,2016,3,SP-BF-003,BF Bleeder Valve Disc & Seat Ring,Blast Furnace,Valves & Piping,Critical,75,310000,376097,705,1,6
2016-04-30,2016,4,SP-BF-003,BF Bleeder Valve Disc & Seat Ring,Blast Furnace,Valves & Piping,Critical,75,310000,390964,705,0,2
2016-05-31,2016,5,SP-BF-003,BF Bleeder Valve Disc & Seat Ring,Blast Furnace,Valves & Piping,Critical,75,310000,369970,711,0,6
2016-06-30,2016,6,SP-BF-003,BF Bleeder Valve Disc & Seat Ring,Blast Furnace,Valves & Piping,Critical,75,310000,366144,718,0,3
2016-07-31,2016,7,SP-BF-003,BF Bleeder Valve Disc & Seat Ring,Blast Furnace,Valves & Piping,Critical,75,310000,375917,717,0,4
2016-08-31,2016,8,SP-BF-003,BF Bleeder Valve Disc & Seat Ring,Blast Furnace,Valves & Piping,Critical,75,310000,388183,715,0,4
2016-09-30,2016,9,SP-BF-003,BF Bleeder Valve Disc & Seat Ring,Blast Furnace,Valves & Piping,Critical,75,310000,377384,705,0,4
2016-10-31,2016,10,SP-BF-003,BF Bleeder Valve Disc & Seat Ring,Blast Furnace,Valves & Piping,Critical,75,310000,397752,705,0,5
2016-11-30,2016,11,SP-BF-003,BF Bleeder Valve Disc & Seat Ring,Blast Furnace,Valves & Piping,Critical,75,310000,381706,719,1,4
2016-12-31,2016,12,SP-BF-003,BF Bleeder Valve Disc & Seat Ring,Blast Furnace,Valves & Piping,Critical,75,310000,369905,705,0,4
2017-01-31,2017,1,SP-BF-003,BF Bleeder Valve Disc & Seat Ring,Blast Furnace,Valves & Piping,Critical,75,310000,381605,705,0,3
2017-02-28,2017,2,SP-BF-003,BF Bleeder Valve Disc & Seat Ring,Blast Furnace,Valves & Piping,Critical,75,310000,396100,716,0,5
2017-03-31,2017,3,SP-BF-003,BF Bleeder Valve Disc & Seat Ring,Blast Furnace,Valves & Piping,Critical,75,310000,382087,712,1,6
2017-04-30,2017,4,SP-BF-003,BF Bleeder Valve Disc & Seat Ring,Blast Furnace,Valves & Piping,Critical,75,310000,371996,718,0,5
2017-05-31,2017,5,SP-BF-003,BF Bleeder Valve Disc & Seat Ring,Blast Furnace,Valves & Piping,Critical,75,310000,365291,710,0,3
2017-06-30,2017,6,SP-BF-003,BF Bleeder Valve Disc & Seat Ring,Blast Furnace,Valves & Piping,Critical,75,310000,377248,712,0,4
2017-07-31,2017,7,SP-BF-003,BF Bleeder Valve Disc & Seat Ring,Blast Furnace,Valves & Piping,Critical,75,310000,375138,705,0,2
2017-08-31,2017,8,SP-BF-003,BF Bleeder Valve Disc & Seat Ring,Blast Furnace,Valves & Piping,Critical,75,310000,390780,705,0,3
2017-09-30,2017,9,SP-BF-003,BF Bleeder Valve Disc & Seat Ring,Blast Furnace,Valves & Piping,Critical,75,310000,372432,713,0,7
2017-10-31,2017,10,SP-BF-003,BF Bleeder Valve Disc & Seat Ring,Blast Furnace,Valves & Piping,Critical,75,310000,380799,704,0,5
2017-11-30,2017,11,SP-BF-003,BF Bleeder Valve Disc & Seat Ring,Blast Furnace,Valves & Piping,Critical,75,310000,375425,709,1,5
2017-12-31,2017,12,SP-BF-003,BF Bleeder Valve Disc & Seat Ring,Blast Furnace,Valves & Piping,Critical,75,310000,366503,715,0,5
2018-01-31,2018,1,SP-BF-003,BF Bleeder Valve Disc & Seat Ring,Blast Furnace,Valves & Piping,Critical,75,310000,379485,713,0,6
2018-02-28,2018,2,SP-BF-003,BF Bleeder Valve Disc & Seat Ring,Blast Furnace,Valves & Piping,Critical,75,310000,367397,716,0,4
2018-03-31,2018,3,SP-BF-003,BF Bleeder Valve Disc & Seat Ring,Blast Furnace,Valves & Piping,Critical,75,310000,384782,705,1,6
2018-04-30,2018,4,SP-BF-003,BF Bleeder Valve Disc & Seat Ring,Blast Furnace,Valves & Piping,Critical,75,310000,365771,701,0,5
2018-05-31,2018,5,SP-BF-003,BF Bleeder Valve Disc & Seat Ring,Blast Furnace,Valves & Piping,Critical,75,310000,379172,703,0,5
2018-06-30,2018,6,SP-BF-003,BF Bleeder Valve Disc & Seat Ring,Blast Furnace,Valves & Piping,Critical,75,310000,388212,714,0,4
2018-07-31,2018,7,SP-BF-003,BF Bleeder Valve Disc & Seat Ring,Blast Furnace,Valves & Piping,Critical,75,310000,384206,713,0,5
2018-08-31,2018,8,SP-BF-003,BF Bleeder Valve Disc & Seat Ring,Blast Furnace,Valves & Piping,Critical,75,310000,376161,709,0,4
2018-09-30,2018,9,SP-BF-003,BF Bleeder Valve Disc & Seat Ring,Blast Furnace,Valves & Piping,Critical,75,310000,383172,703,0,4
2018-10-31,2018,10,SP-BF-003,BF Bleeder Valve Disc & Seat Ring,Blast Furnace,Valves & Piping,Critical,75,310000,386259,700,0,5
2018-11-30,2018,11,SP-BF-003,BF Bleeder Valve Disc & Seat Ring,Blast Furnace,Valves & Piping,Critical,75,310000,371182,718,1,6
2018-12-31,2018,12,SP-BF-003,BF Bleeder Valve Disc & Seat Ring,Blast Furnace,Valves & Piping,Critical,75,310000,388724,716,0,4
2019-01-31,2019,1,SP-BF-003,BF Bleeder Valve Disc & Seat Ring,Blast Furnace,Valves & Piping,Critical,75,310000,383645,700,0,3
2019-02-28,2019,2,SP-BF-003,BF Bleeder Valve Disc & Seat Ring,Blast Furnace,Valves & Piping,Critical,75,310000,366827,702,0,4
2019-03-31,2019,3,SP-BF-003,BF Bleeder Valve Disc & Seat Ring,Blast Furnace,Valves & Piping,Critical,75,310000,378505,706,1,4
2019-04-30,2019,4,SP-BF-003,BF Bleeder Valve Disc & Seat Ring,Blast Furnace,Valves & Piping,Critical,75,310000,375038,706,0,4
2019-05-31,2019,5,SP-BF-003,BF Bleeder Valve Disc & Seat Ring,Blast Furnace,Valves & Piping,Critical,75,310000,387295,706,0,4
2019-06-30,2019,6,SP-BF-003,BF Bleeder Valve Disc & Seat Ring,Blast Furnace,Valves & Piping,Critical,75,310000,383139,712,0,4
2019-07-31,2019,7,SP-BF-003,BF Bleeder Valve Disc & Seat Ring,Blast Furnace,Valves & Piping,Critical,75,310000,377502,718,0,4
2019-08-31,2019,8,SP-BF-003,BF Bleeder Valve Disc & Seat Ring,Blast Furnace,Valves & Piping,Critical,75,310000,385689,708,0,2
2019-09-30,2019,9,SP-BF-003,BF Bleeder Valve Disc & Seat Ring,Blast Furnace,Valves & Piping,Critical,75,310000,393409,717,0,3
2019-10-31,2019,10,SP-BF-003,BF Bleeder Valve Disc & Seat Ring,Blast Furnace,Valves & Piping,Critical,75,310000,364842,714,0,2
2019-11-30,2019,11,SP-BF-003,BF Bleeder Valve Disc & Seat Ring,Blast Furnace,Valves & Piping,Critical,75,310000,373896,707,1,4
2019-12-31,2019,12,SP-BF-003,BF Bleeder Valve Disc & Seat Ring,Blast Furnace,Valves & Piping,Critical,75,310000,369691,704,0,3
2020-01-31,2020,1,SP-BF-003,BF Bleeder Valve Disc & Seat Ring,Blast Furnace,Valves & Piping,Critical,75,310000,377979,707,0,4
2020-02-29,2020,2,SP-BF-003,BF Bleeder Valve Disc & Seat Ring,Blast Furnace,Valves & Piping,Critical,75,310000,370178,718,0,4
2020-03-31,2020,3,SP-BF-003,BF Bleeder Valve Disc & Seat Ring,Blast Furnace,Valves & Piping,Critical,75,310000,385653,718,1,4
2020-04-30,2020,4,SP-BF-003,BF Bleeder Valve Disc & Seat Ring,Blast Furnace,Valves & Piping,Critical,75,310000,395635,703,0,3
2020-05-31,2020,5,SP-BF-003,BF Bleeder Valve Disc & Seat Ring,Blast Furnace,Valves & Piping,Critical,75,310000,379494,712,0,4
2020-06-30,2020,6,SP-BF-003,BF Bleeder Valve Disc & Seat Ring,Blast Furnace,Valves & Piping,Critical,75,310000,366417,703,0,4
2020-07-31,2020,7,SP-BF-003,BF Bleeder Valve Disc & Seat Ring,Blast Furnace,Valves & Piping,Critical,75,310000,373548,715,0,3
2020-08-31,2020,8,SP-BF-003,BF Bleeder Valve Disc & Seat Ring,Blast Furnace,Valves & Piping,Critical,75,310000,374505,719,0,3
2020-09-30,2020,9,SP-BF-003,BF Bleeder Valve Disc & Seat Ring,Blast Furnace,Valves & Piping,Critical,75,310000,388938,713,0,3
2020-10-31,2020,10,SP-BF-003,BF Bleeder Valve Disc & Seat Ring,Blast Furnace,Valves & Piping,Critical,75,310000,380828,704,0,4
2020-11-30,2020,11,SP-BF-003,BF Bleeder Valve Disc & Seat Ring,Blast Furnace,Valves & Piping,Critical,75,310000,379769,711,1,3
2020-12-31,2020,12,SP-BF-003,BF Bleeder Valve Disc & Seat Ring,Blast Furnace,Valves & Piping,Critical,75,310000,371914,717,0,4
2021-01-31,2021,1,SP-BF-003,BF Bleeder Valve Disc & Seat Ring,Blast Furnace,Valves & Piping,Critical,75,310000,374055,717,0,3
2021-02-28,2021,2,SP-BF-003,BF Bleeder Valve Disc & Seat Ring,Blast Furnace,Valves & Piping,Critical,75,310000,382921,711,0,5
2021-03-31,2021,3,SP-BF-003,BF Bleeder Valve Disc & Seat Ring,Blast Furnace,Valves & Piping,Critical,75,310000,377397,707,1,4
2021-04-30,2021,4,SP-BF-003,BF Bleeder Valve Disc & Seat Ring,Blast Furnace,Valves & Piping,Critical,75,310000,385533,709,0,3
2021-05-31,2021,5,SP-BF-003,BF Bleeder Valve Disc & Seat Ring,Blast Furnace,Valves & Piping,Critical,75,310000,374785,717,0,4
2021-06-30,2021,6,SP-BF-003,BF Bleeder Valve Disc & Seat Ring,Blast Furnace,Valves & Piping,Critical,75,310000,352064,711,0,3
2021-07-31,2021,7,SP-BF-003,BF Bleeder Valve Disc & Seat Ring,Blast Furnace,Valves & Piping,Critical,75,310000,375001,713,0,4
2021-08-31,2021,8,SP-BF-003,BF Bleeder Valve Disc & Seat Ring,Blast Furnace,Valves & Piping,Critical,75,310000,366183,717,0,4
2021-09-30,2021,9,SP-BF-003,BF Bleeder Valve Disc & Seat Ring,Blast Furnace,Valves & Piping,Critical,75,310000,383283,717,0,5
2021-10-31,2021,10,SP-BF-003,BF Bleeder Valve Disc & Seat Ring,Blast Furnace,Valves & Piping,Critical,75,310000,381864,716,0,5
2021-11-30,2021,11,SP-BF-003,BF Bleeder Valve Disc & Seat Ring,Blast Furnace,Valves & Piping,Critical,75,310000,386933,712,1,6
2021-12-31,2021,12,SP-BF-003,BF Bleeder Valve Disc & Seat Ring,Blast Furnace,Valves & Piping,Critical,75,310000,373776,717,0,4
2022-01-31,2022,1,SP-BF-003,BF Bleeder Valve Disc & Seat Ring,Blast Furnace,Valves & Piping,Critical,75,310000,375477,706,0,4
2022-02-28,2022,2,SP-BF-003,BF Bleeder Valve Disc & Seat Ring,Blast Furnace,Valves & Piping,Critical,75,310000,371762,716,0,4
2022-03-31,2022,3,SP-BF-003,BF Bleeder Valve Disc & Seat Ring,Blast Furnace,Valves & Piping,Critical,75,310000,376869,700,1,5
2022-04-30,2022,4,SP-BF-003,BF Bleeder Valve Disc & Seat Ring,Blast Furnace,Valves & Piping,Critical,75,310000,382480,719,0,2
2022-05-31,2022,5,SP-BF-003,BF Bleeder Valve Disc & Seat Ring,Blast Furnace,Valves & Piping,Critical,75,310000,366995,712,0,4
2022-06-30,2022,6,SP-BF-003,BF Bleeder Valve Disc & Seat Ring,Blast Furnace,Valves & Piping,Critical,75,310000,387297,702,0,4
2022-07-31,2022,7,SP-BF-003,BF Bleeder Valve Disc & Seat Ring,Blast Furnace,Valves & Piping,Critical,75,310000,378438,719,0,5
2022-08-31,2022,8,SP-BF-003,BF Bleeder Valve Disc & Seat Ring,Blast Furnace,Valves & Piping,Critical,75,310000,385262,718,0,2
2022-09-30,2022,9,SP-BF-003,BF Bleeder Valve Disc & Seat Ring,Blast Furnace,Valves & Piping,Critical,75,310000,373490,706,0,4
2022-10-31,2022,10,SP-BF-003,BF Bleeder Valve Disc & Seat Ring,Blast Furnace,Valves & Piping,Critical,75,310000,374084,711,0,4
2022-11-30,2022,11,SP-BF-003,BF Bleeder Valve Disc & Seat Ring,Blast Furnace,Valves & Piping,Critical,75,310000,385163,700,1,3
2022-12-31,2022,12,SP-BF-003,BF Bleeder Valve Disc & Seat Ring,Blast Furnace,Valves & Piping,Critical,75,310000,379275,700,0,3
2023-01-31,2023,1,SP-BF-003,BF Bleeder Valve Disc & Seat Ring,Blast Furnace,Valves & Piping,Critical,75,310000,387741,713,0,3
2023-02-28,2023,2,SP-BF-003,BF Bleeder Valve Disc & Seat Ring,Blast Furnace,Valves & Piping,Critical,75,310000,364548,719,0,3
2023-03-31,2023,3,SP-BF-003,BF Bleeder Valve Disc & Seat Ring,Blast Furnace,Valves & Piping,Critical,75,310000,366344,703,1,2
2023-04-30,2023,4,SP-BF-003,BF Bleeder Valve Disc & Seat Ring,Blast Furnace,Valves & Piping,Critical,75,310000,381231,704,0,5
2023-05-31,2023,5,SP-BF-003,BF Bleeder Valve Disc & Seat Ring,Blast Furnace,Valves & Piping,Critical,75,310000,378356,713,0,3
2023-06-30,2023,6,SP-BF-003,BF Bleeder Valve Disc & Seat Ring,Blast Furnace,Valves & Piping,Critical,75,310000,375046,718,0,2
2023-07-31,2023,7,SP-BF-003,BF Bleeder Valve Disc & Seat Ring,Blast Furnace,Valves & Piping,Critical,75,310000,389737,707,0,2
2023-08-31,2023,8,SP-BF-003,BF Bleeder Valve Disc & Seat Ring,Blast Furnace,Valves & Piping,Critical,75,310000,383000,704,0,3
2023-09-30,2023,9,SP-BF-003,BF Bleeder Valve Disc & Seat Ring,Blast Furnace,Valves & Piping,Critical,75,310000,367739,717,0,5
2023-10-31,2023,10,SP-BF-003,BF Bleeder Valve Disc & Seat Ring,Blast Furnace,Valves & Piping,Critical,75,310000,380214,703,0,4
2023-11-30,2023,11,SP-BF-003,BF Bleeder Valve Disc & Seat Ring,Blast Furnace,Valves & Piping,Critical,75,310000,379059,715,1,5
2023-12-31,2023,12,SP-BF-003,BF Bleeder Valve Disc & Seat Ring,Blast Furnace,Valves & Piping,Critical,75,310000,379891,712,0,4
2024-01-31,2024,1,SP-BF-003,BF Bleeder Valve Disc & Seat Ring,Blast Furnace,Valves & Piping,Critical,75,310000,377655,715,0,4
2024-02-29,2024,2,SP-BF-003,BF Bleeder Valve Disc & Seat Ring,Blast Furnace,Valves & Piping,Critical,75,310000,369055,702,0,3
2024-03-31,2024,3,SP-BF-003,BF Bleeder Valve Disc & Seat Ring,Blast Furnace,Valves & Piping,Critical,75,310000,371538,704,1,6
2024-04-30,2024,4,SP-BF-003,BF Bleeder Valve Disc & Seat Ring,Blast Furnace,Valves & Piping,Critical,75,310000,371086,711,0,3
2024-05-31,2024,5,SP-BF-003,BF Bleeder Valve Disc & Seat Ring,Blast Furnace,Valves & Piping,Critical,75,310000,382169,706,0,3
2024-06-30,2024,6,SP-BF-003,BF Bleeder Valve Disc & Seat Ring,Blast Furnace,Valves & Piping,Critical,75,310000,374338,701,0,3
2024-07-31,2024,7,SP-BF-003,BF Bleeder Valve Disc & Seat Ring,Blast Furnace,Valves & Piping,Critical,75,310000,373108,712,0,1
2024-08-31,2024,8,SP-BF-003,BF Bleeder Valve Disc & Seat Ring,Blast Furnace,Valves & Piping,Critical,75,310000,383450,717,0,2
2024-09-30,2024,9,SP-BF-003,BF Bleeder Valve Disc & Seat Ring,Blast Furnace,Valves & Piping,Critical,75,310000,369502,704,0,3
2024-10-31,2024,10,SP-BF-003,BF Bleeder Valve Disc & Seat Ring,Blast Furnace,Valves & Piping,Critical,75,310000,393110,714,0,4
2024-11-30,2024,11,SP-BF-003,BF Bleeder Valve Disc & Seat Ring,Blast Furnace,Valves & Piping,Critical,75,310000,374730,706,1,4
2024-12-31,2024,12,SP-BF-003,BF Bleeder Valve Disc & Seat Ring,Blast Furnace,Valves & Piping,Critical,75,310000,370137,707,0,4
2025-01-31,2025,1,SP-BF-003,BF Bleeder Valve Disc & Seat Ring,Blast Furnace,Valves & Piping,Critical,75,310000,369745,711,0,3
2025-02-28,2025,2,SP-BF-003,BF Bleeder Valve Disc & Seat Ring,Blast Furnace,Valves & Piping,Critical,75,310000,384046,704,0,4
2025-03-31,2025,3,SP-BF-003,BF Bleeder Valve Disc & Seat Ring,Blast Furnace,Valves & Piping,Critical,75,310000,386995,700,1,5
2025-04-30,2025,4,SP-BF-003,BF Bleeder Valve Disc & Seat Ring,Blast Furnace,Valves & Piping,Critical,75,310000,389960,717,0,4
2025-05-31,2025,5,SP-BF-003,BF Bleeder Valve Disc & Seat Ring,Blast Furnace,Valves & Piping,Critical,75,310000,383373,706,0,4
2025-06-30,2025,6,SP-BF-003,BF Bleeder Valve Disc & Seat Ring,Blast Furnace,Valves & Piping,Critical,75,310000,377764,716,0,5
2025-07-31,2025,7,SP-BF-003,BF Bleeder Valve Disc & Seat Ring,Blast Furnace,Valves & Piping,Critical,75,310000,391851,710,0,2
2025-08-31,2025,8,SP-BF-003,BF Bleeder Valve Disc & Seat Ring,Blast Furnace,Valves & Piping,Critical,75,310000,374287,701,0,3
2025-09-30,2025,9,SP-BF-003,BF Bleeder Valve Disc & Seat Ring,Blast Furnace,Valves & Piping,Critical,75,310000,372261,717,0,3
2025-10-31,2025,10,SP-BF-003,BF Bleeder Valve Disc & Seat Ring,Blast Furnace,Valves & Piping,Critical,75,310000,369530,715,0,4
2025-11-30,2025,11,SP-BF-003,BF Bleeder Valve Disc & Seat Ring,Blast Furnace,Valves & Piping,Critical,75,310000,376767,711,1,6
2025-12-31,2025,12,SP-BF-003,BF Bleeder Valve Disc & Seat Ring,Blast Furnace,Valves & Piping,Critical,75,310000,370237,719,0,4
2026-01-31,2026,1,SP-BF-003,BF Bleeder Valve Disc & Seat Ring,Blast Furnace,Valves & Piping,Critical,75,310000,380304,703,0,4
2026-02-28,2026,2,SP-BF-003,BF Bleeder Valve Disc & Seat Ring,Blast Furnace,Valves & Piping,Critical,75,310000,375981,700,0,4
2026-03-31,2026,3,SP-BF-003,BF Bleeder Valve Disc & Seat Ring,Blast Furnace,Valves & Piping,Critical,75,310000,377940,717,1,3
2026-04-30,2026,4,SP-BF-003,BF Bleeder Valve Disc & Seat Ring,Blast Furnace,Valves & Piping,Critical,75,310000,387463,708,0,5
2026-05-31,2026,5,SP-BF-003,BF Bleeder Valve Disc & Seat Ring,Blast Furnace,Valves & Piping,Critical,75,310000,370193,719,0,3
2026-06-30,2026,6,SP-BF-003,BF Bleeder Valve Disc & Seat Ring,Blast Furnace,Valves & Piping,Critical,75,310000,367505,714,0,6
2026-07-31,2026,7,SP-BF-003,BF Bleeder Valve Disc & Seat Ring,Blast Furnace,Valves & Piping,Critical,75,310000,388629,718,0,3
2026-08-31,2026,8,SP-BF-003,BF Bleeder Valve Disc & Seat Ring,Blast Furnace,Valves & Piping,Critical,75,310000,366936,711,0,3
2016-01-31,2016,1,SP-BF-004,Stove Hot Blast Valve Cooling Wedge,Blast Furnace,Capital Spares,Critical,90,540000,392264,714,0,4
2016-02-29,2016,2,SP-BF-004,Stove Hot Blast Valve Cooling Wedge,Blast Furnace,Capital Spares,Critical,90,540000,383572,718,0,2
2016-03-31,2016,3,SP-BF-004,Stove Hot Blast Valve Cooling Wedge,Blast Furnace,Capital Spares,Critical,90,540000,375874,719,1,3
2016-04-30,2016,4,SP-BF-004,Stove Hot Blast Valve Cooling Wedge,Blast Furnace,Capital Spares,Critical,90,540000,382942,709,0,3
2016-05-31,2016,5,SP-BF-004,Stove Hot Blast Valve Cooling Wedge,Blast Furnace,Capital Spares,Critical,90,540000,384720,708,0,3
2016-06-30,2016,6,SP-BF-004,Stove Hot Blast Valve Cooling Wedge,Blast Furnace,Capital Spares,Critical,90,540000,362255,711,0,3
2016-07-31,2016,7,SP-BF-004,Stove Hot Blast Valve Cooling Wedge,Blast Furnace,Capital Spares,Critical,90,540000,377393,719,0,2
2016-08-31,2016,8,SP-BF-004,Stove Hot Blast Valve Cooling Wedge,Blast Furnace,Capital Spares,Critical,90,540000,386852,706,0,1
2016-09-30,2016,9,SP-BF-004,Stove Hot Blast Valve Cooling Wedge,Blast Furnace,Capital Spares,Critical,90,540000,376542,719,0,3
2016-10-31,2016,10,SP-BF-004,Stove Hot Blast Valve Cooling Wedge,Blast Furnace,Capital Spares,Critical,90,540000,367742,701,0,3
2016-11-30,2016,11,SP-BF-004,Stove Hot Blast Valve Cooling Wedge,Blast Furnace,Capital Spares,Critical,90,540000,380945,706,1,2
2016-12-31,2016,12,SP-BF-004,Stove Hot Blast Valve Cooling Wedge,Blast Furnace,Capital Spares,Critical,90,540000,378228,704,0,4
2017-01-31,2017,1,SP-BF-004,Stove Hot Blast Valve Cooling Wedge,Blast Furnace,Capital Spares,Critical,90,540000,392057,703,0,4
2017-02-28,2017,2,SP-BF-004,Stove Hot Blast Valve Cooling Wedge,Blast Furnace,Capital Spares,Critical,90,540000,386821,709,0,4
2017-03-31,2017,3,SP-BF-004,Stove Hot Blast Valve Cooling Wedge,Blast Furnace,Capital Spares,Critical,90,540000,383095,711,1,4
2017-04-30,2017,4,SP-BF-004,Stove Hot Blast Valve Cooling Wedge,Blast Furnace,Capital Spares,Critical,90,540000,377607,702,0,3
2017-05-31,2017,5,SP-BF-004,Stove Hot Blast Valve Cooling Wedge,Blast Furnace,Capital Spares,Critical,90,540000,379462,710,0,3
2017-06-30,2017,6,SP-BF-004,Stove Hot Blast Valve Cooling Wedge,Blast Furnace,Capital Spares,Critical,90,540000,378987,718,0,2
2017-07-31,2017,7,SP-BF-004,Stove Hot Blast Valve Cooling Wedge,Blast Furnace,Capital Spares,Critical,90,540000,380666,700,0,1
2017-08-31,2017,8,SP-BF-004,Stove Hot Blast Valve Cooling Wedge,Blast Furnace,Capital Spares,Critical,90,540000,381152,717,0,3
2017-09-30,2017,9,SP-BF-004,Stove Hot Blast Valve Cooling Wedge,Blast Furnace,Capital Spares,Critical,90,540000,388030,709,0,1
2017-10-31,2017,10,SP-BF-004,Stove Hot Blast Valve Cooling Wedge,Blast Furnace,Capital Spares,Critical,90,540000,373058,700,0,4
2017-11-30,2017,11,SP-BF-004,Stove Hot Blast Valve Cooling Wedge,Blast Furnace,Capital Spares,Critical,90,540000,388912,704,1,2
2017-12-31,2017,12,SP-BF-004,Stove Hot Blast Valve Cooling Wedge,Blast Furnace,Capital Spares,Critical,90,540000,382251,708,0,2
2018-01-31,2018,1,SP-BF-004,Stove Hot Blast Valve Cooling Wedge,Blast Furnace,Capital Spares,Critical,90,540000,378249,713,0,3
2018-02-28,2018,2,SP-BF-004,Stove Hot Blast Valve Cooling Wedge,Blast Furnace,Capital Spares,Critical,90,540000,379517,712,0,5
2018-03-31,2018,3,SP-BF-004,Stove Hot Blast Valve Cooling Wedge,Blast Furnace,Capital Spares,Critical,90,540000,381359,700,1,4
2018-04-30,2018,4,SP-BF-004,Stove Hot Blast Valve Cooling Wedge,Blast Furnace,Capital Spares,Critical,90,540000,381331,713,0,3
2018-05-31,2018,5,SP-BF-004,Stove Hot Blast Valve Cooling Wedge,Blast Furnace,Capital Spares,Critical,90,540000,384832,707,0,2
2018-06-30,2018,6,SP-BF-004,Stove Hot Blast Valve Cooling Wedge,Blast Furnace,Capital Spares,Critical,90,540000,373638,713,0,3
2018-07-31,2018,7,SP-BF-004,Stove Hot Blast Valve Cooling Wedge,Blast Furnace,Capital Spares,Critical,90,540000,379254,717,0,3
2018-08-31,2018,8,SP-BF-004,Stove Hot Blast Valve Cooling Wedge,Blast Furnace,Capital Spares,Critical,90,540000,382466,714,0,4
2018-09-30,2018,9,SP-BF-004,Stove Hot Blast Valve Cooling Wedge,Blast Furnace,Capital Spares,Critical,90,540000,377825,706,0,4
2018-10-31,2018,10,SP-BF-004,Stove Hot Blast Valve Cooling Wedge,Blast Furnace,Capital Spares,Critical,90,540000,388072,715,0,4
2018-11-30,2018,11,SP-BF-004,Stove Hot Blast Valve Cooling Wedge,Blast Furnace,Capital Spares,Critical,90,540000,377401,716,1,5
2018-12-31,2018,12,SP-BF-004,Stove Hot Blast Valve Cooling Wedge,Blast Furnace,Capital Spares,Critical,90,540000,380719,700,0,2
2019-01-31,2019,1,SP-BF-004,Stove Hot Blast Valve Cooling Wedge,Blast Furnace,Capital Spares,Critical,90,540000,369044,707,0,1
2019-02-28,2019,2,SP-BF-004,Stove Hot Blast Valve Cooling Wedge,Blast Furnace,Capital Spares,Critical,90,540000,370559,708,0,4
2019-03-31,2019,3,SP-BF-004,Stove Hot Blast Valve Cooling Wedge,Blast Furnace,Capital Spares,Critical,90,540000,372326,704,1,2
2019-04-30,2019,4,SP-BF-004,Stove Hot Blast Valve Cooling Wedge,Blast Furnace,Capital Spares,Critical,90,540000,378129,713,0,2
2019-05-31,2019,5,SP-BF-004,Stove Hot Blast Valve Cooling Wedge,Blast Furnace,Capital Spares,Critical,90,540000,371973,707,0,5
2019-06-30,2019,6,SP-BF-004,Stove Hot Blast Valve Cooling Wedge,Blast Furnace,Capital Spares,Critical,90,540000,377336,709,0,4
2019-07-31,2019,7,SP-BF-004,Stove Hot Blast Valve Cooling Wedge,Blast Furnace,Capital Spares,Critical,90,540000,366939,711,0,1
2019-08-31,2019,8,SP-BF-004,Stove Hot Blast Valve Cooling Wedge,Blast Furnace,Capital Spares,Critical,90,540000,393622,715,0,3
2019-09-30,2019,9,SP-BF-004,Stove Hot Blast Valve Cooling Wedge,Blast Furnace,Capital Spares,Critical,90,540000,381179,719,0,4
2019-10-31,2019,10,SP-BF-004,Stove Hot Blast Valve Cooling Wedge,Blast Furnace,Capital Spares,Critical,90,540000,375098,718,0,3
2019-11-30,2019,11,SP-BF-004,Stove Hot Blast Valve Cooling Wedge,Blast Furnace,Capital Spares,Critical,90,540000,371500,709,1,3
2019-12-31,2019,12,SP-BF-004,Stove Hot Blast Valve Cooling Wedge,Blast Furnace,Capital Spares,Critical,90,540000,370664,706,0,2
2020-01-31,2020,1,SP-BF-004,Stove Hot Blast Valve Cooling Wedge,Blast Furnace,Capital Spares,Critical,90,540000,379595,706,0,4
2020-02-29,2020,2,SP-BF-004,Stove Hot Blast Valve Cooling Wedge,Blast Furnace,Capital Spares,Critical,90,540000,389646,705,0,4
2020-03-31,2020,3,SP-BF-004,Stove Hot Blast Valve Cooling Wedge,Blast Furnace,Capital Spares,Critical,90,540000,370841,703,1,3
2020-04-30,2020,4,SP-BF-004,Stove Hot Blast Valve Cooling Wedge,Blast Furnace,Capital Spares,Critical,90,540000,370942,710,0,3
2020-05-31,2020,5,SP-BF-004,Stove Hot Blast Valve Cooling Wedge,Blast Furnace,Capital Spares,Critical,90,540000,373712,711,0,3
2020-06-30,2020,6,SP-BF-004,Stove Hot Blast Valve Cooling Wedge,Blast Furnace,Capital Spares,Critical,90,540000,388764,711,0,3
2020-07-31,2020,7,SP-BF-004,Stove Hot Blast Valve Cooling Wedge,Blast Furnace,Capital Spares,Critical,90,540000,379184,719,0,2
2020-08-31,2020,8,SP-BF-004,Stove Hot Blast Valve Cooling Wedge,Blast Furnace,Capital Spares,Critical,90,540000,387324,717,0,3
2020-09-30,2020,9,SP-BF-004,Stove Hot Blast Valve Cooling Wedge,Blast Furnace,Capital Spares,Critical,90,540000,372954,712,0,2
2020-10-31,2020,10,SP-BF-004,Stove Hot Blast Valve Cooling Wedge,Blast Furnace,Capital Spares,Critical,90,540000,386897,718,0,3
2020-11-30,2020,11,SP-BF-004,Stove Hot Blast Valve Cooling Wedge,Blast Furnace,Capital Spares,Critical,90,540000,368873,715,1,3
2020-12-31,2020,12,SP-BF-004,Stove Hot Blast Valve Cooling Wedge,Blast Furnace,Capital Spares,Critical,90,540000,384287,708,0,2
2021-01-31,2021,1,SP-BF-004,Stove Hot Blast Valve Cooling Wedge,Blast Furnace,Capital Spares,Critical,90,540000,373589,712,0,3
2021-02-28,2021,2,SP-BF-004,Stove Hot Blast Valve Cooling Wedge,Blast Furnace,Capital Spares,Critical,90,540000,395797,703,0,2
2021-03-31,2021,3,SP-BF-004,Stove Hot Blast Valve Cooling Wedge,Blast Furnace,Capital Spares,Critical,90,540000,383613,704,1,4
2021-04-30,2021,4,SP-BF-004,Stove Hot Blast Valve Cooling Wedge,Blast Furnace,Capital Spares,Critical,90,540000,388143,710,0,4
2021-05-31,2021,5,SP-BF-004,Stove Hot Blast Valve Cooling Wedge,Blast Furnace,Capital Spares,Critical,90,540000,374479,711,0,2
2021-06-30,2021,6,SP-BF-004,Stove Hot Blast Valve Cooling Wedge,Blast Furnace,Capital Spares,Critical,90,540000,381164,702,0,3
2021-07-31,2021,7,SP-BF-004,Stove Hot Blast Valve Cooling Wedge,Blast Furnace,Capital Spares,Critical,90,540000,372591,708,0,4
2021-08-31,2021,8,SP-BF-004,Stove Hot Blast Valve Cooling Wedge,Blast Furnace,Capital Spares,Critical,90,540000,386240,719,0,4
2021-09-30,2021,9,SP-BF-004,Stove Hot Blast Valve Cooling Wedge,Blast Furnace,Capital Spares,Critical,90,540000,383116,705,0,5
2021-10-31,2021,10,SP-BF-004,Stove Hot Blast Valve Cooling Wedge,Blast Furnace,Capital Spares,Critical,90,540000,370313,707,0,3
2021-11-30,2021,11,SP-BF-004,Stove Hot Blast Valve Cooling Wedge,Blast Furnace,Capital Spares,Critical,90,540000,379015,701,1,3
2021-12-31,2021,12,SP-BF-004,Stove Hot Blast Valve Cooling Wedge,Blast Furnace,Capital Spares,Critical,90,540000,373986,710,0,4
2022-01-31,2022,1,SP-BF-004,Stove Hot Blast Valve Cooling Wedge,Blast Furnace,Capital Spares,Critical,90,540000,379018,710,0,4
2022-02-28,2022,2,SP-BF-004,Stove Hot Blast Valve Cooling Wedge,Blast Furnace,Capital Spares,Critical,90,540000,368327,713,0,1
2022-03-31,2022,3,SP-BF-004,Stove Hot Blast Valve Cooling Wedge,Blast Furnace,Capital Spares,Critical,90,540000,388558,709,1,3
2022-04-30,2022,4,SP-BF-004,Stove Hot Blast Valve Cooling Wedge,Blast Furnace,Capital Spares,Critical,90,540000,377351,719,0,2
2022-05-31,2022,5,SP-BF-004,Stove Hot Blast Valve Cooling Wedge,Blast Furnace,Capital Spares,Critical,90,540000,380496,704,0,2
2022-06-30,2022,6,SP-BF-004,Stove Hot Blast Valve Cooling Wedge,Blast Furnace,Capital Spares,Critical,90,540000,370159,709,0,3
2022-07-31,2022,7,SP-BF-004,Stove Hot Blast Valve Cooling Wedge,Blast Furnace,Capital Spares,Critical,90,540000,371435,713,0,4
2022-08-31,2022,8,SP-BF-004,Stove Hot Blast Valve Cooling Wedge,Blast Furnace,Capital Spares,Critical,90,540000,372868,703,0,1
2022-09-30,2022,9,SP-BF-004,Stove Hot Blast Valve Cooling Wedge,Blast Furnace,Capital Spares,Critical,90,540000,385291,710,0,3
2022-10-31,2022,10,SP-BF-004,Stove Hot Blast Valve Cooling Wedge,Blast Furnace,Capital Spares,Critical,90,540000,371338,715,0,3
2022-11-30,2022,11,SP-BF-004,Stove Hot Blast Valve Cooling Wedge,Blast Furnace,Capital Spares,Critical,90,540000,377615,715,1,3
2022-12-31,2022,12,SP-BF-004,Stove Hot Blast Valve Cooling Wedge,Blast Furnace,Capital Spares,Critical,90,540000,369052,707,0,2
2023-01-31,2023,1,SP-BF-004,Stove Hot Blast Valve Cooling Wedge,Blast Furnace,Capital Spares,Critical,90,540000,363588,707,0,3
2023-02-28,2023,2,SP-BF-004,Stove Hot Blast Valve Cooling Wedge,Blast Furnace,Capital Spares,Critical,90,540000,391931,710,0,2
2023-03-31,2023,3,SP-BF-004,Stove Hot Blast Valve Cooling Wedge,Blast Furnace,Capital Spares,Critical,90,540000,376582,719,1,4
2023-04-30,2023,4,SP-BF-004,Stove Hot Blast Valve Cooling Wedge,Blast Furnace,Capital Spares,Critical,90,540000,373893,718,0,3
2023-05-31,2023,5,SP-BF-004,Stove Hot Blast Valve Cooling Wedge,Blast Furnace,Capital Spares,Critical,90,540000,377206,707,0,3
2023-06-30,2023,6,SP-BF-004,Stove Hot Blast Valve Cooling Wedge,Blast Furnace,Capital Spares,Critical,90,540000,380661,706,0,3
2023-07-31,2023,7,SP-BF-004,Stove Hot Blast Valve Cooling Wedge,Blast Furnace,Capital Spares,Critical,90,540000,375383,703,0,2
2023-08-31,2023,8,SP-BF-004,Stove Hot Blast Valve Cooling Wedge,Blast Furnace,Capital Spares,Critical,90,540000,369265,719,0,4
2023-09-30,2023,9,SP-BF-004,Stove Hot Blast Valve Cooling Wedge,Blast Furnace,Capital Spares,Critical,90,540000,384335,702,0,3
2023-10-31,2023,10,SP-BF-004,Stove Hot Blast Valve Cooling Wedge,Blast Furnace,Capital Spares,Critical,90,540000,394126,715,0,3
2023-11-30,2023,11,SP-BF-004,Stove Hot Blast Valve Cooling Wedge,Blast Furnace,Capital Spares,Critical,90,540000,376699,707,1,2
2023-12-31,2023,12,SP-BF-004,Stove Hot Blast Valve Cooling Wedge,Blast Furnace,Capital Spares,Critical,90,540000,373986,701,0,2
2024-01-31,2024,1,SP-BF-004,Stove Hot Blast Valve Cooling Wedge,Blast Furnace,Capital Spares,Critical,90,540000,376675,719,0,3
2024-02-29,2024,2,SP-BF-004,Stove Hot Blast Valve Cooling Wedge,Blast Furnace,Capital Spares,Critical,90,540000,363647,710,0,2
2024-03-31,2024,3,SP-BF-004,Stove Hot Blast Valve Cooling Wedge,Blast Furnace,Capital Spares,Critical,90,540000,369695,712,1,3
2024-04-30,2024,4,SP-BF-004,Stove Hot Blast Valve Cooling Wedge,Blast Furnace,Capital Spares,Critical,90,540000,380063,713,0,1
2024-05-31,2024,5,SP-BF-004,Stove Hot Blast Valve Cooling Wedge,Blast Furnace,Capital Spares,Critical,90,540000,374782,701,0,4
2024-06-30,2024,6,SP-BF-004,Stove Hot Blast Valve Cooling Wedge,Blast Furnace,Capital Spares,Critical,90,540000,372328,702,0,2
2024-07-31,2024,7,SP-BF-004,Stove Hot Blast Valve Cooling Wedge,Blast Furnace,Capital Spares,Critical,90,540000,371979,713,0,2
2024-08-31,2024,8,SP-BF-004,Stove Hot Blast Valve Cooling Wedge,Blast Furnace,Capital Spares,Critical,90,540000,376388,719,0,2
2024-09-30,2024,9,SP-BF-004,Stove Hot Blast Valve Cooling Wedge,Blast Furnace,Capital Spares,Critical,90,540000,379340,706,0,4
2024-10-31,2024,10,SP-BF-004,Stove Hot Blast Valve Cooling Wedge,Blast Furnace,Capital Spares,Critical,90,540000,379778,708,0,5
2024-11-30,2024,11,SP-BF-004,Stove Hot Blast Valve Cooling Wedge,Blast Furnace,Capital Spares,Critical,90,540000,366699,707,1,3
2024-12-31,2024,12,SP-BF-004,Stove Hot Blast Valve Cooling Wedge,Blast Furnace,Capital Spares,Critical,90,540000,384742,714,0,2
2025-01-31,2025,1,SP-BF-004,Stove Hot Blast Valve Cooling Wedge,Blast Furnace,Capital Spares,Critical,90,540000,372800,700,0,1
2025-02-28,2025,2,SP-BF-004,Stove Hot Blast Valve Cooling Wedge,Blast Furnace,Capital Spares,Critical,90,540000,383143,702,0,2
2025-03-31,2025,3,SP-BF-004,Stove Hot Blast Valve Cooling Wedge,Blast Furnace,Capital Spares,Critical,90,540000,366316,700,1,3
2025-04-30,2025,4,SP-BF-004,Stove Hot Blast Valve Cooling Wedge,Blast Furnace,Capital Spares,Critical,90,540000,369799,710,0,3
2025-05-31,2025,5,SP-BF-004,Stove Hot Blast Valve Cooling Wedge,Blast Furnace,Capital Spares,Critical,90,540000,385538,701,0,3
2025-06-30,2025,6,SP-BF-004,Stove Hot Blast Valve Cooling Wedge,Blast Furnace,Capital Spares,Critical,90,540000,368370,706,0,3
2025-07-31,2025,7,SP-BF-004,Stove Hot Blast Valve Cooling Wedge,Blast Furnace,Capital Spares,Critical,90,540000,375699,707,0,4
2025-08-31,2025,8,SP-BF-004,Stove Hot Blast Valve Cooling Wedge,Blast Furnace,Capital Spares,Critical,90,540000,370656,715,0,1
2025-09-30,2025,9,SP-BF-004,Stove Hot Blast Valve Cooling Wedge,Blast Furnace,Capital Spares,Critical,90,540000,372135,713,0,4
2025-10-31,2025,10,SP-BF-004,Stove Hot Blast Valve Cooling Wedge,Blast Furnace,Capital Spares,Critical,90,540000,365453,716,0,3
2025-11-30,2025,11,SP-BF-004,Stove Hot Blast Valve Cooling Wedge,Blast Furnace,Capital Spares,Critical,90,540000,392441,713,1,2
2025-12-31,2025,12,SP-BF-004,Stove Hot Blast Valve Cooling Wedge,Blast Furnace,Capital Spares,Critical,90,540000,378928,712,0,3
2026-01-31,2026,1,SP-BF-004,Stove Hot Blast Valve Cooling Wedge,Blast Furnace,Capital Spares,Critical,90,540000,380256,703,0,2
2026-02-28,2026,2,SP-BF-004,Stove Hot Blast Valve Cooling Wedge,Blast Furnace,Capital Spares,Critical,90,540000,380709,713,0,5
2026-03-31,2026,3,SP-BF-004,Stove Hot Blast Valve Cooling Wedge,Blast Furnace,Capital Spares,Critical,90,540000,377077,701,1,4
2026-04-30,2026,4,SP-BF-004,Stove Hot Blast Valve Cooling Wedge,Blast Furnace,Capital Spares,Critical,90,540000,373580,705,0,4
2026-05-31,2026,5,SP-BF-004,Stove Hot Blast Valve Cooling Wedge,Blast Furnace,Capital Spares,Critical,90,540000,389603,713,0,2
2026-06-30,2026,6,SP-BF-004,Stove Hot Blast Valve Cooling Wedge,Blast Furnace,Capital Spares,Critical,90,540000,376388,701,0,3
2026-07-31,2026,7,SP-BF-004,Stove Hot Blast Valve Cooling Wedge,Blast Furnace,Capital Spares,Critical,90,540000,389485,705,0,3
2026-08-31,2026,8,SP-BF-004,Stove Hot Blast Valve Cooling Wedge,Blast Furnace,Capital Spares,Critical,90,540000,384857,707,0,4
2016-01-31,2016,1,CON-BF-005,Anhydrous Taphole Clay (MT),Blast Furnace,Refractories,High,15,28000,377715,712,0,118
2016-02-29,2016,2,CON-BF-005,Anhydrous Taphole Clay (MT),Blast Furnace,Refractories,High,15,28000,385513,710,0,139
2016-03-31,2016,3,CON-BF-005,Anhydrous Taphole Clay (MT),Blast Furnace,Refractories,High,15,28000,375120,719,1,153
2016-04-30,2016,4,CON-BF-005,Anhydrous Taphole Clay (MT),Blast Furnace,Refractories,High,15,28000,392095,714,0,147
2016-05-31,2016,5,CON-BF-005,Anhydrous Taphole Clay (MT),Blast Furnace,Refractories,High,15,28000,384677,702,0,137
2016-06-30,2016,6,CON-BF-005,Anhydrous Taphole Clay (MT),Blast Furnace,Refractories,High,15,28000,384827,704,0,118
2016-07-31,2016,7,CON-BF-005,Anhydrous Taphole Clay (MT),Blast Furnace,Refractories,High,15,28000,371875,708,0,78
2016-08-31,2016,8,CON-BF-005,Anhydrous Taphole Clay (MT),Blast Furnace,Refractories,High,15,28000,385010,704,0,109
2016-09-30,2016,9,CON-BF-005,Anhydrous Taphole Clay (MT),Blast Furnace,Refractories,High,15,28000,378535,717,0,117
2016-10-31,2016,10,CON-BF-005,Anhydrous Taphole Clay (MT),Blast Furnace,Refractories,High,15,28000,369484,716,0,153
2016-11-30,2016,11,CON-BF-005,Anhydrous Taphole Clay (MT),Blast Furnace,Refractories,High,15,28000,378973,715,1,144
2016-12-31,2016,12,CON-BF-005,Anhydrous Taphole Clay (MT),Blast Furnace,Refractories,High,15,28000,390139,714,0,119
2017-01-31,2017,1,CON-BF-005,Anhydrous Taphole Clay (MT),Blast Furnace,Refractories,High,15,28000,385345,703,0,137
2017-02-28,2017,2,CON-BF-005,Anhydrous Taphole Clay (MT),Blast Furnace,Refractories,High,15,28000,382649,718,0,121
2017-03-31,2017,3,CON-BF-005,Anhydrous Taphole Clay (MT),Blast Furnace,Refractories,High,15,28000,383237,716,1,129
2017-04-30,2017,4,CON-BF-005,Anhydrous Taphole Clay (MT),Blast Furnace,Refractories,High,15,28000,380280,716,0,99
2017-05-31,2017,5,CON-BF-005,Anhydrous Taphole Clay (MT),Blast Furnace,Refractories,High,15,28000,382510,711,0,145
2017-06-30,2017,6,CON-BF-005,Anhydrous Taphole Clay (MT),Blast Furnace,Refractories,High,15,28000,364824,711,0,121
2017-07-31,2017,7,CON-BF-005,Anhydrous Taphole Clay (MT),Blast Furnace,Refractories,High,15,28000,386070,712,0,111
2017-08-31,2017,8,CON-BF-005,Anhydrous Taphole Clay (MT),Blast Furnace,Refractories,High,15,28000,375051,709,0,113
2017-09-30,2017,9,CON-BF-005,Anhydrous Taphole Clay (MT),Blast Furnace,Refractories,High,15,28000,378362,716,0,108
2017-10-31,2017,10,CON-BF-005,Anhydrous Taphole Clay (MT),Blast Furnace,Refractories,High,15,28000,382124,714,0,118
2017-11-30,2017,11,CON-BF-005,Anhydrous Taphole Clay (MT),Blast Furnace,Refractories,High,15,28000,370457,707,1,145
2017-12-31,2017,12,CON-BF-005,Anhydrous Taphole Clay (MT),Blast Furnace,Refractories,High,15,28000,382263,700,0,141
2018-01-31,2018,1,CON-BF-005,Anhydrous Taphole Clay (MT),Blast Furnace,Refractories,High,15,28000,373533,719,0,128
2018-02-28,2018,2,CON-BF-005,Anhydrous Taphole Clay (MT),Blast Furnace,Refractories,High,15,28000,368255,702,0,103
2018-03-31,2018,3,CON-BF-005,Anhydrous Taphole Clay (MT),Blast Furnace,Refractories,High,15,28000,385496,719,1,132
2018-04-30,2018,4,CON-BF-005,Anhydrous Taphole Clay (MT),Blast Furnace,Refractories,High,15,28000,373277,714,0,89
2018-05-31,2018,5,CON-BF-005,Anhydrous Taphole Clay (MT),Blast Furnace,Refractories,High,15,28000,381546,707,0,132
2018-06-30,2018,6,CON-BF-005,Anhydrous Taphole Clay (MT),Blast Furnace,Refractories,High,15,28000,393105,700,0,108
2018-07-31,2018,7,CON-BF-005,Anhydrous Taphole Clay (MT),Blast Furnace,Refractories,High,15,28000,367654,715,0,123
2018-08-31,2018,8,CON-BF-005,Anhydrous Taphole Clay (MT),Blast Furnace,Refractories,High,15,28000,381200,709,0,93
2018-09-30,2018,9,CON-BF-005,Anhydrous Taphole Clay (MT),Blast Furnace,Refractories,High,15,28000,375284,711,0,122
2018-10-31,2018,10,CON-BF-005,Anhydrous Taphole Clay (MT),Blast Furnace,Refractories,High,15,28000,394535,712,0,164
2018-11-30,2018,11,CON-BF-005,Anhydrous Taphole Clay (MT),Blast Furnace,Refractories,High,15,28000,387890,705,1,145
2018-12-31,2018,12,CON-BF-005,Anhydrous Taphole Clay (MT),Blast Furnace,Refractories,High,15,28000,379707,701,0,138
2019-01-31,2019,1,CON-BF-005,Anhydrous Taphole Clay (MT),Blast Furnace,Refractories,High,15,28000,375690,715,0,101
2019-02-28,2019,2,CON-BF-005,Anhydrous Taphole Clay (MT),Blast Furnace,Refractories,High,15,28000,383713,710,0,117
2019-03-31,2019,3,CON-BF-005,Anhydrous Taphole Clay (MT),Blast Furnace,Refractories,High,15,28000,368718,706,1,121
2019-04-30,2019,4,CON-BF-005,Anhydrous Taphole Clay (MT),Blast Furnace,Refractories,High,15,28000,370860,704,0,106
2019-05-31,2019,5,CON-BF-005,Anhydrous Taphole Clay (MT),Blast Furnace,Refractories,High,15,28000,387772,719,0,117
2019-06-30,2019,6,CON-BF-005,Anhydrous Taphole Clay (MT),Blast Furnace,Refractories,High,15,28000,378274,708,0,116
2019-07-31,2019,7,CON-BF-005,Anhydrous Taphole Clay (MT),Blast Furnace,Refractories,High,15,28000,385674,702,0,103
2019-08-31,2019,8,CON-BF-005,Anhydrous Taphole Clay (MT),Blast Furnace,Refractories,High,15,28000,385145,707,0,90
2019-09-30,2019,9,CON-BF-005,Anhydrous Taphole Clay (MT),Blast Furnace,Refractories,High,15,28000,390436,703,0,130
2019-10-31,2019,10,CON-BF-005,Anhydrous Taphole Clay (MT),Blast Furnace,Refractories,High,15,28000,366786,700,0,107
2019-11-30,2019,11,CON-BF-005,Anhydrous Taphole Clay (MT),Blast Furnace,Refractories,High,15,28000,377922,705,1,98
2019-12-31,2019,12,CON-BF-005,Anhydrous Taphole Clay (MT),Blast Furnace,Refractories,High,15,28000,384324,716,0,105
2020-01-31,2020,1,CON-BF-005,Anhydrous Taphole Clay (MT),Blast Furnace,Refractories,High,15,28000,382108,709,0,105
2020-02-29,2020,2,CON-BF-005,Anhydrous Taphole Clay (MT),Blast Furnace,Refractories,High,15,28000,369871,701,0,112
2020-03-31,2020,3,CON-BF-005,Anhydrous Taphole Clay (MT),Blast Furnace,Refractories,High,15,28000,378033,708,1,155
2020-04-30,2020,4,CON-BF-005,Anhydrous Taphole Clay (MT),Blast Furnace,Refractories,High,15,28000,385020,703,0,124
2020-05-31,2020,5,CON-BF-005,Anhydrous Taphole Clay (MT),Blast Furnace,Refractories,High,15,28000,370722,715,0,117
2020-06-30,2020,6,CON-BF-005,Anhydrous Taphole Clay (MT),Blast Furnace,Refractories,High,15,28000,380903,701,0,115
2020-07-31,2020,7,CON-BF-005,Anhydrous Taphole Clay (MT),Blast Furnace,Refractories,High,15,28000,377486,705,0,96
2020-08-31,2020,8,CON-BF-005,Anhydrous Taphole Clay (MT),Blast Furnace,Refractories,High,15,28000,380914,704,0,96
2020-09-30,2020,9,CON-BF-005,Anhydrous Taphole Clay (MT),Blast Furnace,Refractories,High,15,28000,385121,708,0,101
2020-10-31,2020,10,CON-BF-005,Anhydrous Taphole Clay (MT),Blast Furnace,Refractories,High,15,28000,374279,701,0,130
2020-11-30,2020,11,CON-BF-005,Anhydrous Taphole Clay (MT),Blast Furnace,Refractories,High,15,28000,359984,706,1,143
2020-12-31,2020,12,CON-BF-005,Anhydrous Taphole Clay (MT),Blast Furnace,Refractories,High,15,28000,380101,711,0,114
2021-01-31,2021,1,CON-BF-005,Anhydrous Taphole Clay (MT),Blast Furnace,Refractories,High,15,28000,366772,714,0,107
2021-02-28,2021,2,CON-BF-005,Anhydrous Taphole Clay (MT),Blast Furnace,Refractories,High,15,28000,370239,711,0,123
2021-03-31,2021,3,CON-BF-005,Anhydrous Taphole Clay (MT),Blast Furnace,Refractories,High,15,28000,382330,712,1,132
2021-04-30,2021,4,CON-BF-005,Anhydrous Taphole Clay (MT),Blast Furnace,Refractories,High,15,28000,372555,703,0,110
2021-05-31,2021,5,CON-BF-005,Anhydrous Taphole Clay (MT),Blast Furnace,Refractories,High,15,28000,373121,717,0,103
2021-06-30,2021,6,CON-BF-005,Anhydrous Taphole Clay (MT),Blast Furnace,Refractories,High,15,28000,386556,702,0,153
2021-07-31,2021,7,CON-BF-005,Anhydrous Taphole Clay (MT),Blast Furnace,Refractories,High,15,28000,382042,701,0,111
2021-08-31,2021,8,CON-BF-005,Anhydrous Taphole Clay (MT),Blast Furnace,Refractories,High,15,28000,381663,701,0,127
2021-09-30,2021,9,CON-BF-005,Anhydrous Taphole Clay (MT),Blast Furnace,Refractories,High,15,28000,370533,703,0,73
2021-10-31,2021,10,CON-BF-005,Anhydrous Taphole Clay (MT),Blast Furnace,Refractories,High,15,28000,375315,708,0,161
2021-11-30,2021,11,CON-BF-005,Anhydrous Taphole Clay (MT),Blast Furnace,Refractories,High,15,28000,383501,701,1,162
2021-12-31,2021,12,CON-BF-005,Anhydrous Taphole Clay (MT),Blast Furnace,Refractories,High,15,28000,389467,709,0,116
2022-01-31,2022,1,CON-BF-005,Anhydrous Taphole Clay (MT),Blast Furnace,Refractories,High,15,28000,372072,703,0,95
2022-02-28,2022,2,CON-BF-005,Anhydrous Taphole Clay (MT),Blast Furnace,Refractories,High,15,28000,384927,710,0,96
2022-03-31,2022,3,CON-BF-005,Anhydrous Taphole Clay (MT),Blast Furnace,Refractories,High,15,28000,378962,717,1,119
2022-04-30,2022,4,CON-BF-005,Anhydrous Taphole Clay (MT),Blast Furnace,Refractories,High,15,28000,374102,709,0,114
2022-05-31,2022,5,CON-BF-005,Anhydrous Taphole Clay (MT),Blast Furnace,Refractories,High,15,28000,382945,710,0,106
2022-06-30,2022,6,CON-BF-005,Anhydrous Taphole Clay (MT),Blast Furnace,Refractories,High,15,28000,369743,713,0,107
2022-07-31,2022,7,CON-BF-005,Anhydrous Taphole Clay (MT),Blast Furnace,Refractories,High,15,28000,373633,715,0,110
2022-08-31,2022,8,CON-BF-005,Anhydrous Taphole Clay (MT),Blast Furnace,Refractories,High,15,28000,363647,715,0,97
2022-09-30,2022,9,CON-BF-005,Anhydrous Taphole Clay (MT),Blast Furnace,Refractories,High,15,28000,389986,715,0,122
2022-10-31,2022,10,CON-BF-005,Anhydrous Taphole Clay (MT),Blast Furnace,Refractories,High,15,28000,382107,710,0,120
2022-11-30,2022,11,CON-BF-005,Anhydrous Taphole Clay (MT),Blast Furnace,Refractories,High,15,28000,380112,715,1,110
2022-12-31,2022,12,CON-BF-005,Anhydrous Taphole Clay (MT),Blast Furnace,Refractories,High,15,28000,382594,718,0,101
2023-01-31,2023,1,CON-BF-005,Anhydrous Taphole Clay (MT),Blast Furnace,Refractories,High,15,28000,374248,703,0,101
2023-02-28,2023,2,CON-BF-005,Anhydrous Taphole Clay (MT),Blast Furnace,Refractories,High,15,28000,378741,703,0,117
2023-03-31,2023,3,CON-BF-005,Anhydrous Taphole Clay (MT),Blast Furnace,Refractories,High,15,28000,391269,701,1,107
2023-04-30,2023,4,CON-BF-005,Anhydrous Taphole Clay (MT),Blast Furnace,Refractories,High,15,28000,377985,710,0,110
2023-05-31,2023,5,CON-BF-005,Anhydrous Taphole Clay (MT),Blast Furnace,Refractories,High,15,28000,376060,719,0,113
2023-06-30,2023,6,CON-BF-005,Anhydrous Taphole Clay (MT),Blast Furnace,Refractories,High,15,28000,384781,703,0,127
2023-07-31,2023,7,CON-BF-005,Anhydrous Taphole Clay (MT),Blast Furnace,Refractories,High,15,28000,375296,703,0,108
2023-08-31,2023,8,CON-BF-005,Anhydrous Taphole Clay (MT),Blast Furnace,Refractories,High,15,28000,376858,710,0,90
2023-09-30,2023,9,CON-BF-005,Anhydrous Taphole Clay (MT),Blast Furnace,Refractories,High,15,28000,380741,701,0,111
2023-10-31,2023,10,CON-BF-005,Anhydrous Taphole Clay (MT),Blast Furnace,Refractories,High,15,28000,370907,717,0,131
2023-11-30,2023,11,CON-BF-005,Anhydrous Taphole Clay (MT),Blast Furnace,Refractories,High,15,28000,377821,714,1,141
2023-12-31,2023,12,CON-BF-005,Anhydrous Taphole Clay (MT),Blast Furnace,Refractories,High,15,28000,374469,716,0,78
2024-01-31,2024,1,CON-BF-005,Anhydrous Taphole Clay (MT),Blast Furnace,Refractories,High,15,28000,361409,709,0,96
2024-02-29,2024,2,CON-BF-005,Anhydrous Taphole Clay (MT),Blast Furnace,Refractories,High,15,28000,372786,703,0,119
2024-03-31,2024,3,CON-BF-005,Anhydrous Taphole Clay (MT),Blast Furnace,Refractories,High,15,28000,382169,702,1,129
2024-04-30,2024,4,CON-BF-005,Anhydrous Taphole Clay (MT),Blast Furnace,Refractories,High,15,28000,372317,706,0,99
2024-05-31,2024,5,CON-BF-005,Anhydrous Taphole Clay (MT),Blast Furnace,Refractories,High,15,28000,387598,713,0,100
2024-06-30,2024,6,CON-BF-005,Anhydrous Taphole Clay (MT),Blast Furnace,Refractories,High,15,28000,365637,716,0,123
2024-07-31,2024,7,CON-BF-005,Anhydrous Taphole Clay (MT),Blast Furnace,Refractories,High,15,28000,379107,712,0,92
2024-08-31,2024,8,CON-BF-005,Anhydrous Taphole Clay (MT),Blast Furnace,Refractories,High,15,28000,378888,706,0,81
2024-09-30,2024,9,CON-BF-005,Anhydrous Taphole Clay (MT),Blast Furnace,Refractories,High,15,28000,373022,703,0,108
2024-10-31,2024,10,CON-BF-005,Anhydrous Taphole Clay (MT),Blast Furnace,Refractories,High,15,28000,373460,716,0,128
2024-11-30,2024,11,CON-BF-005,Anhydrous Taphole Clay (MT),Blast Furnace,Refractories,High,15,28000,382384,713,1,101
2024-12-31,2024,12,CON-BF-005,Anhydrous Taphole Clay (MT),Blast Furnace,Refractories,High,15,28000,362710,704,0,107
2025-01-31,2025,1,CON-BF-005,Anhydrous Taphole Clay (MT),Blast Furnace,Refractories,High,15,28000,380634,717,0,110
2025-02-28,2025,2,CON-BF-005,Anhydrous Taphole Clay (MT),Blast Furnace,Refractories,High,15,28000,382140,713,0,117
2025-03-31,2025,3,CON-BF-005,Anhydrous Taphole Clay (MT),Blast Furnace,Refractories,High,15,28000,379886,713,1,120
2025-04-30,2025,4,CON-BF-005,Anhydrous Taphole Clay (MT),Blast Furnace,Refractories,High,15,28000,369999,708,0,110
2025-05-31,2025,5,CON-BF-005,Anhydrous Taphole Clay (MT),Blast Furnace,Refractories,High,15,28000,384896,710,0,106
2025-06-30,2025,6,CON-BF-005,Anhydrous Taphole Clay (MT),Blast Furnace,Refractories,High,15,28000,378759,702,0,107
2025-07-31,2025,7,CON-BF-005,Anhydrous Taphole Clay (MT),Blast Furnace,Refractories,High,15,28000,373096,714,0,94
2025-08-31,2025,8,CON-BF-005,Anhydrous Taphole Clay (MT),Blast Furnace,Refractories,High,15,28000,375348,717,0,101
2025-09-30,2025,9,CON-BF-005,Anhydrous Taphole Clay (MT),Blast Furnace,Refractories,High,15,28000,380628,715,0,104
2025-10-31,2025,10,CON-BF-005,Anhydrous Taphole Clay (MT),Blast Furnace,Refractories,High,15,28000,383326,705,0,116
2025-11-30,2025,11,CON-BF-005,Anhydrous Taphole Clay (MT),Blast Furnace,Refractories,High,15,28000,379580,701,1,150
2025-12-31,2025,12,CON-BF-005,Anhydrous Taphole Clay (MT),Blast Furnace,Refractories,High,15,28000,363397,711,0,104
2026-01-31,2026,1,CON-BF-005,Anhydrous Taphole Clay (MT),Blast Furnace,Refractories,High,15,28000,371570,714,0,105
2026-02-28,2026,2,CON-BF-005,Anhydrous Taphole Clay (MT),Blast Furnace,Refractories,High,15,28000,383426,711,0,133
2026-03-31,2026,3,CON-BF-005,Anhydrous Taphole Clay (MT),Blast Furnace,Refractories,High,15,28000,379164,715,1,136
2026-04-30,2026,4,CON-BF-005,Anhydrous Taphole Clay (MT),Blast Furnace,Refractories,High,15,28000,380664,719,0,113
2026-05-31,2026,5,CON-BF-005,Anhydrous Taphole Clay (MT),Blast Furnace,Refractories,High,15,28000,380560,701,0,137
2026-06-30,2026,6,CON-BF-005,Anhydrous Taphole Clay (MT),Blast Furnace,Refractories,High,15,28000,382780,702,0,137
2026-07-31,2026,7,CON-BF-005,Anhydrous Taphole Clay (MT),Blast Furnace,Refractories,High,15,28000,387801,717,0,113
2026-08-31,2026,8,CON-BF-005,Anhydrous Taphole Clay (MT),Blast Furnace,Refractories,High,15,28000,385226,708,0,144
2016-01-31,2016,1,SP-HSM-042,Spherical Roller Bearing 240/500,Hot Strip Mill,Mechanical Spares,Critical,60,125000,375035,715,0,22
2016-02-29,2016,2,SP-HSM-042,Spherical Roller Bearing 240/500,Hot Strip Mill,Mechanical Spares,Critical,60,125000,387487,708,0,29
2016-03-31,2016,3,SP-HSM-042,Spherical Roller Bearing 240/500,Hot Strip Mill,Mechanical Spares,Critical,60,125000,393362,711,1,37
2016-04-30,2016,4,SP-HSM-042,Spherical Roller Bearing 240/500,Hot Strip Mill,Mechanical Spares,Critical,60,125000,372121,710,0,31
2016-05-31,2016,5,SP-HSM-042,Spherical Roller Bearing 240/500,Hot Strip Mill,Mechanical Spares,Critical,60,125000,378334,709,0,25
2016-06-30,2016,6,SP-HSM-042,Spherical Roller Bearing 240/500,Hot Strip Mill,Mechanical Spares,Critical,60,125000,383755,712,0,29
2016-07-31,2016,7,SP-HSM-042,Spherical Roller Bearing 240/500,Hot Strip Mill,Mechanical Spares,Critical,60,125000,380677,712,0,31
2016-08-31,2016,8,SP-HSM-042,Spherical Roller Bearing 240/500,Hot Strip Mill,Mechanical Spares,Critical,60,125000,379471,707,0,24
2016-09-30,2016,9,SP-HSM-042,Spherical Roller Bearing 240/500,Hot Strip Mill,Mechanical Spares,Critical,60,125000,375377,702,0,28
2016-10-31,2016,10,SP-HSM-042,Spherical Roller Bearing 240/500,Hot Strip Mill,Mechanical Spares,Critical,60,125000,378543,703,0,26
2016-11-30,2016,11,SP-HSM-042,Spherical Roller Bearing 240/500,Hot Strip Mill,Mechanical Spares,Critical,60,125000,368156,704,1,35
2016-12-31,2016,12,SP-HSM-042,Spherical Roller Bearing 240/500,Hot Strip Mill,Mechanical Spares,Critical,60,125000,378667,700,0,28
2017-01-31,2017,1,SP-HSM-042,Spherical Roller Bearing 240/500,Hot Strip Mill,Mechanical Spares,Critical,60,125000,377559,716,0,26
2017-02-28,2017,2,SP-HSM-042,Spherical Roller Bearing 240/500,Hot Strip Mill,Mechanical Spares,Critical,60,125000,383882,705,0,37
2017-03-31,2017,3,SP-HSM-042,Spherical Roller Bearing 240/500,Hot Strip Mill,Mechanical Spares,Critical,60,125000,378753,701,1,34
2017-04-30,2017,4,SP-HSM-042,Spherical Roller Bearing 240/500,Hot Strip Mill,Mechanical Spares,Critical,60,125000,372938,706,0,29
2017-05-31,2017,5,SP-HSM-042,Spherical Roller Bearing 240/500,Hot Strip Mill,Mechanical Spares,Critical,60,125000,388655,709,0,28
2017-06-30,2017,6,SP-HSM-042,Spherical Roller Bearing 240/500,Hot Strip Mill,Mechanical Spares,Critical,60,125000,376839,707,0,26
2017-07-31,2017,7,SP-HSM-042,Spherical Roller Bearing 240/500,Hot Strip Mill,Mechanical Spares,Critical,60,125000,365593,718,0,19
2017-08-31,2017,8,SP-HSM-042,Spherical Roller Bearing 240/500,Hot Strip Mill,Mechanical Spares,Critical,60,125000,386220,706,0,30
2017-09-30,2017,9,SP-HSM-042,Spherical Roller Bearing 240/500,Hot Strip Mill,Mechanical Spares,Critical,60,125000,376167,705,0,29
2017-10-31,2017,10,SP-HSM-042,Spherical Roller Bearing 240/500,Hot Strip Mill,Mechanical Spares,Critical,60,125000,381196,713,0,30
2017-11-30,2017,11,SP-HSM-042,Spherical Roller Bearing 240/500,Hot Strip Mill,Mechanical Spares,Critical,60,125000,377885,709,1,29
2017-12-31,2017,12,SP-HSM-042,Spherical Roller Bearing 240/500,Hot Strip Mill,Mechanical Spares,Critical,60,125000,372922,708,0,27
2018-01-31,2018,1,SP-HSM-042,Spherical Roller Bearing 240/500,Hot Strip Mill,Mechanical Spares,Critical,60,125000,378721,701,0,28
2018-02-28,2018,2,SP-HSM-042,Spherical Roller Bearing 240/500,Hot Strip Mill,Mechanical Spares,Critical,60,125000,383826,713,0,27
2018-03-31,2018,3,SP-HSM-042,Spherical Roller Bearing 240/500,Hot Strip Mill,Mechanical Spares,Critical,60,125000,371108,711,1,37
2018-04-30,2018,4,SP-HSM-042,Spherical Roller Bearing 240/500,Hot Strip Mill,Mechanical Spares,Critical,60,125000,381403,717,0,30
2018-05-31,2018,5,SP-HSM-042,Spherical Roller Bearing 240/500,Hot Strip Mill,Mechanical Spares,Critical,60,125000,374902,718,0,29
2018-06-30,2018,6,SP-HSM-042,Spherical Roller Bearing 240/500,Hot Strip Mill,Mechanical Spares,Critical,60,125000,380226,702,0,25
2018-07-31,2018,7,SP-HSM-042,Spherical Roller Bearing 240/500,Hot Strip Mill,Mechanical Spares,Critical,60,125000,379499,705,0,24
2018-08-31,2018,8,SP-HSM-042,Spherical Roller Bearing 240/500,Hot Strip Mill,Mechanical Spares,Critical,60,125000,401018,700,0,23
2018-09-30,2018,9,SP-HSM-042,Spherical Roller Bearing 240/500,Hot Strip Mill,Mechanical Spares,Critical,60,125000,381031,706,0,24
2018-10-31,2018,10,SP-HSM-042,Spherical Roller Bearing 240/500,Hot Strip Mill,Mechanical Spares,Critical,60,125000,386552,716,0,36
2018-11-30,2018,11,SP-HSM-042,Spherical Roller Bearing 240/500,Hot Strip Mill,Mechanical Spares,Critical,60,125000,374634,713,1,38
2018-12-31,2018,12,SP-HSM-042,Spherical Roller Bearing 240/500,Hot Strip Mill,Mechanical Spares,Critical,60,125000,372271,715,0,24
2019-01-31,2019,1,SP-HSM-042,Spherical Roller Bearing 240/500,Hot Strip Mill,Mechanical Spares,Critical,60,125000,386904,716,0,24
2019-02-28,2019,2,SP-HSM-042,Spherical Roller Bearing 240/500,Hot Strip Mill,Mechanical Spares,Critical,60,125000,363855,711,0,23
2019-03-31,2019,3,SP-HSM-042,Spherical Roller Bearing 240/500,Hot Strip Mill,Mechanical Spares,Critical,60,125000,386272,714,1,23
2019-04-30,2019,4,SP-HSM-042,Spherical Roller Bearing 240/500,Hot Strip Mill,Mechanical Spares,Critical,60,125000,369830,703,0,30
2019-05-31,2019,5,SP-HSM-042,Spherical Roller Bearing 240/500,Hot Strip Mill,Mechanical Spares,Critical,60,125000,368976,717,0,24
2019-06-30,2019,6,SP-HSM-042,Spherical Roller Bearing 240/500,Hot Strip Mill,Mechanical Spares,Critical,60,125000,369990,700,0,24
2019-07-31,2019,7,SP-HSM-042,Spherical Roller Bearing 240/500,Hot Strip Mill,Mechanical Spares,Critical,60,125000,386314,706,0,27
2019-08-31,2019,8,SP-HSM-042,Spherical Roller Bearing 240/500,Hot Strip Mill,Mechanical Spares,Critical,60,125000,375830,706,0,20
2019-09-30,2019,9,SP-HSM-042,Spherical Roller Bearing 240/500,Hot Strip Mill,Mechanical Spares,Critical,60,125000,383835,707,0,31
2019-10-31,2019,10,SP-HSM-042,Spherical Roller Bearing 240/500,Hot Strip Mill,Mechanical Spares,Critical,60,125000,390485,702,0,27
2019-11-30,2019,11,SP-HSM-042,Spherical Roller Bearing 240/500,Hot Strip Mill,Mechanical Spares,Critical,60,125000,373511,710,1,29
2019-12-31,2019,12,SP-HSM-042,Spherical Roller Bearing 240/500,Hot Strip Mill,Mechanical Spares,Critical,60,125000,376178,700,0,26
2020-01-31,2020,1,SP-HSM-042,Spherical Roller Bearing 240/500,Hot Strip Mill,Mechanical Spares,Critical,60,125000,377575,703,0,25
2020-02-29,2020,2,SP-HSM-042,Spherical Roller Bearing 240/500,Hot Strip Mill,Mechanical Spares,Critical,60,125000,364656,718,0,25
2020-03-31,2020,3,SP-HSM-042,Spherical Roller Bearing 240/500,Hot Strip Mill,Mechanical Spares,Critical,60,125000,383489,712,1,29
2020-04-30,2020,4,SP-HSM-042,Spherical Roller Bearing 240/500,Hot Strip Mill,Mechanical Spares,Critical,60,125000,366645,706,0,21
2020-05-31,2020,5,SP-HSM-042,Spherical Roller Bearing 240/500,Hot Strip Mill,Mechanical Spares,Critical,60,125000,369249,711,0,27
2020-06-30,2020,6,SP-HSM-042,Spherical Roller Bearing 240/500,Hot Strip Mill,Mechanical Spares,Critical,60,125000,390085,716,0,27
2020-07-31,2020,7,SP-HSM-042,Spherical Roller Bearing 240/500,Hot Strip Mill,Mechanical Spares,Critical,60,125000,364677,705,0,21
2020-08-31,2020,8,SP-HSM-042,Spherical Roller Bearing 240/500,Hot Strip Mill,Mechanical Spares,Critical,60,125000,368741,719,0,20
2020-09-30,2020,9,SP-HSM-042,Spherical Roller Bearing 240/500,Hot Strip Mill,Mechanical Spares,Critical,60,125000,363335,711,0,29
2020-10-31,2020,10,SP-HSM-042,Spherical Roller Bearing 240/500,Hot Strip Mill,Mechanical Spares,Critical,60,125000,376946,712,0,27
2020-11-30,2020,11,SP-HSM-042,Spherical Roller Bearing 240/500,Hot Strip Mill,Mechanical Spares,Critical,60,125000,359185,719,1,29
2020-12-31,2020,12,SP-HSM-042,Spherical Roller Bearing 240/500,Hot Strip Mill,Mechanical Spares,Critical,60,125000,380438,711,0,29
2021-01-31,2021,1,SP-HSM-042,Spherical Roller Bearing 240/500,Hot Strip Mill,Mechanical Spares,Critical,60,125000,369326,707,0,29
2021-02-28,2021,2,SP-HSM-042,Spherical Roller Bearing 240/500,Hot Strip Mill,Mechanical Spares,Critical,60,125000,378522,710,0,25
2021-03-31,2021,3,SP-HSM-042,Spherical Roller Bearing 240/500,Hot Strip Mill,Mechanical Spares,Critical,60,125000,380699,710,1,32
2021-04-30,2021,4,SP-HSM-042,Spherical Roller Bearing 240/500,Hot Strip Mill,Mechanical Spares,Critical,60,125000,375980,715,0,28
2021-05-31,2021,5,SP-HSM-042,Spherical Roller Bearing 240/500,Hot Strip Mill,Mechanical Spares,Critical,60,125000,383520,718,0,26
2021-06-30,2021,6,SP-HSM-042,Spherical Roller Bearing 240/500,Hot Strip Mill,Mechanical Spares,Critical,60,125000,377798,719,0,23
2021-07-31,2021,7,SP-HSM-042,Spherical Roller Bearing 240/500,Hot Strip Mill,Mechanical Spares,Critical,60,125000,387388,711,0,23
2021-08-31,2021,8,SP-HSM-042,Spherical Roller Bearing 240/500,Hot Strip Mill,Mechanical Spares,Critical,60,125000,367650,704,0,21
2021-09-30,2021,9,SP-HSM-042,Spherical Roller Bearing 240/500,Hot Strip Mill,Mechanical Spares,Critical,60,125000,374186,710,0,31
2021-10-31,2021,10,SP-HSM-042,Spherical Roller Bearing 240/500,Hot Strip Mill,Mechanical Spares,Critical,60,125000,399579,717,0,30
2021-11-30,2021,11,SP-HSM-042,Spherical Roller Bearing 240/500,Hot Strip Mill,Mechanical Spares,Critical,60,125000,378333,716,1,32
2021-12-31,2021,12,SP-HSM-042,Spherical Roller Bearing 240/500,Hot Strip Mill,Mechanical Spares,Critical,60,125000,381933,719,0,32
2022-01-31,2022,1,SP-HSM-042,Spherical Roller Bearing 240/500,Hot Strip Mill,Mechanical Spares,Critical,60,125000,375262,717,0,24
2022-02-28,2022,2,SP-HSM-042,Spherical Roller Bearing 240/500,Hot Strip Mill,Mechanical Spares,Critical,60,125000,384955,717,0,24
2022-03-31,2022,3,SP-HSM-042,Spherical Roller Bearing 240/500,Hot Strip Mill,Mechanical Spares,Critical,60,125000,380886,712,1,19
2022-04-30,2022,4,SP-HSM-042,Spherical Roller Bearing 240/500,Hot Strip Mill,Mechanical Spares,Critical,60,125000,390581,714,0,24
2022-05-31,2022,5,SP-HSM-042,Spherical Roller Bearing 240/500,Hot Strip Mill,Mechanical Spares,Critical,60,125000,371169,705,0,26
2022-06-30,2022,6,SP-HSM-042,Spherical Roller Bearing 240/500,Hot Strip Mill,Mechanical Spares,Critical,60,125000,384810,705,0,23
2022-07-31,2022,7,SP-HSM-042,Spherical Roller Bearing 240/500,Hot Strip Mill,Mechanical Spares,Critical,60,125000,383442,705,0,24
2022-08-31,2022,8,SP-HSM-042,Spherical Roller Bearing 240/500,Hot Strip Mill,Mechanical Spares,Critical,60,125000,380327,702,0,24
2022-09-30,2022,9,SP-HSM-042,Spherical Roller Bearing 240/500,Hot Strip Mill,Mechanical Spares,Critical,60,125000,382356,713,0,27
2022-10-31,2022,10,SP-HSM-042,Spherical Roller Bearing 240/500,Hot Strip Mill,Mechanical Spares,Critical,60,125000,380821,712,0,30
2022-11-30,2022,11,SP-HSM-042,Spherical Roller Bearing 240/500,Hot Strip Mill,Mechanical Spares,Critical,60,125000,376476,701,1,26
2022-12-31,2022,12,SP-HSM-042,Spherical Roller Bearing 240/500,Hot Strip Mill,Mechanical Spares,Critical,60,125000,365001,701,0,19
2023-01-31,2023,1,SP-HSM-042,Spherical Roller Bearing 240/500,Hot Strip Mill,Mechanical Spares,Critical,60,125000,370999,716,0,24
2023-02-28,2023,2,SP-HSM-042,Spherical Roller Bearing 240/500,Hot Strip Mill,Mechanical Spares,Critical,60,125000,376840,705,0,27
2023-03-31,2023,3,SP-HSM-042,Spherical Roller Bearing 240/500,Hot Strip Mill,Mechanical Spares,Critical,60,125000,376634,715,1,26
2023-04-30,2023,4,SP-HSM-042,Spherical Roller Bearing 240/500,Hot Strip Mill,Mechanical Spares,Critical,60,125000,375353,701,0,25
2023-05-31,2023,5,SP-HSM-042,Spherical Roller Bearing 240/500,Hot Strip Mill,Mechanical Spares,Critical,60,125000,365211,704,0,22
2023-06-30,2023,6,SP-HSM-042,Spherical Roller Bearing 240/500,Hot Strip Mill,Mechanical Spares,Critical,60,125000,382823,718,0,23
2023-07-31,2023,7,SP-HSM-042,Spherical Roller Bearing 240/500,Hot Strip Mill,Mechanical Spares,Critical,60,125000,382515,706,0,21
2023-08-31,2023,8,SP-HSM-042,Spherical Roller Bearing 240/500,Hot Strip Mill,Mechanical Spares,Critical,60,125000,365685,712,0,21
2023-09-30,2023,9,SP-HSM-042,Spherical Roller Bearing 240/500,Hot Strip Mill,Mechanical Spares,Critical,60,125000,377051,707,0,26
2023-10-31,2023,10,SP-HSM-042,Spherical Roller Bearing 240/500,Hot Strip Mill,Mechanical Spares,Critical,60,125000,370557,717,0,30
2023-11-30,2023,11,SP-HSM-042,Spherical Roller Bearing 240/500,Hot Strip Mill,Mechanical Spares,Critical,60,125000,355186,711,1,29
2023-12-31,2023,12,SP-HSM-042,Spherical Roller Bearing 240/500,Hot Strip Mill,Mechanical Spares,Critical,60,125000,372018,713,0,25
2024-01-31,2024,1,SP-HSM-042,Spherical Roller Bearing 240/500,Hot Strip Mill,Mechanical Spares,Critical,60,125000,381934,716,0,21
2024-02-29,2024,2,SP-HSM-042,Spherical Roller Bearing 240/500,Hot Strip Mill,Mechanical Spares,Critical,60,125000,377936,710,0,29
2024-03-31,2024,3,SP-HSM-042,Spherical Roller Bearing 240/500,Hot Strip Mill,Mechanical Spares,Critical,60,125000,379028,705,1,26
2024-04-30,2024,4,SP-HSM-042,Spherical Roller Bearing 240/500,Hot Strip Mill,Mechanical Spares,Critical,60,125000,363431,702,0,24
2024-05-31,2024,5,SP-HSM-042,Spherical Roller Bearing 240/500,Hot Strip Mill,Mechanical Spares,Critical,60,125000,372605,714,0,25
2024-06-30,2024,6,SP-HSM-042,Spherical Roller Bearing 240/500,Hot Strip Mill,Mechanical Spares,Critical,60,125000,371890,705,0,25
2024-07-31,2024,7,SP-HSM-042,Spherical Roller Bearing 240/500,Hot Strip Mill,Mechanical Spares,Critical,60,125000,373980,716,0,22
2024-08-31,2024,8,SP-HSM-042,Spherical Roller Bearing 240/500,Hot Strip Mill,Mechanical Spares,Critical,60,125000,370262,702,0,25
2024-09-30,2024,9,SP-HSM-042,Spherical Roller Bearing 240/500,Hot Strip Mill,Mechanical Spares,Critical,60,125000,366847,716,0,22
2024-10-31,2024,10,SP-HSM-042,Spherical Roller Bearing 240/500,Hot Strip Mill,Mechanical Spares,Critical,60,125000,383478,717,0,26
2024-11-30,2024,11,SP-HSM-042,Spherical Roller Bearing 240/500,Hot Strip Mill,Mechanical Spares,Critical,60,125000,382241,707,1,28
2024-12-31,2024,12,SP-HSM-042,Spherical Roller Bearing 240/500,Hot Strip Mill,Mechanical Spares,Critical,60,125000,375819,707,0,31
2025-01-31,2025,1,SP-HSM-042,Spherical Roller Bearing 240/500,Hot Strip Mill,Mechanical Spares,Critical,60,125000,387163,700,0,28
2025-02-28,2025,2,SP-HSM-042,Spherical Roller Bearing 240/500,Hot Strip Mill,Mechanical Spares,Critical,60,125000,380694,713,0,22
2025-03-31,2025,3,SP-HSM-042,Spherical Roller Bearing 240/500,Hot Strip Mill,Mechanical Spares,Critical,60,125000,377579,705,1,30
2025-04-30,2025,4,SP-HSM-042,Spherical Roller Bearing 240/500,Hot Strip Mill,Mechanical Spares,Critical,60,125000,378402,712,0,24
2025-05-31,2025,5,SP-HSM-042,Spherical Roller Bearing 240/500,Hot Strip Mill,Mechanical Spares,Critical,60,125000,375940,719,0,24
2025-06-30,2025,6,SP-HSM-042,Spherical Roller Bearing 240/500,Hot Strip Mill,Mechanical Spares,Critical,60,125000,356591,709,0,25
2025-07-31,2025,7,SP-HSM-042,Spherical Roller Bearing 240/500,Hot Strip Mill,Mechanical Spares,Critical,60,125000,372986,707,0,18
2025-08-31,2025,8,SP-HSM-042,Spherical Roller Bearing 240/500,Hot Strip Mill,Mechanical Spares,Critical,60,125000,385815,717,0,21
2025-09-30,2025,9,SP-HSM-042,Spherical Roller Bearing 240/500,Hot Strip Mill,Mechanical Spares,Critical,60,125000,381412,709,0,21
2025-10-31,2025,10,SP-HSM-042,Spherical Roller Bearing 240/500,Hot Strip Mill,Mechanical Spares,Critical,60,125000,374980,713,0,30
2025-11-30,2025,11,SP-HSM-042,Spherical Roller Bearing 240/500,Hot Strip Mill,Mechanical Spares,Critical,60,125000,365779,702,1,32
2025-12-31,2025,12,SP-HSM-042,Spherical Roller Bearing 240/500,Hot Strip Mill,Mechanical Spares,Critical,60,125000,386099,706,0,28
2026-01-31,2026,1,SP-HSM-042,Spherical Roller Bearing 240/500,Hot Strip Mill,Mechanical Spares,Critical,60,125000,370484,714,0,34
2026-02-28,2026,2,SP-HSM-042,Spherical Roller Bearing 240/500,Hot Strip Mill,Mechanical Spares,Critical,60,125000,381538,705,0,28
2026-03-31,2026,3,SP-HSM-042,Spherical Roller Bearing 240/500,Hot Strip Mill,Mechanical Spares,Critical,60,125000,375647,702,1,32
2026-04-30,2026,4,SP-HSM-042,Spherical Roller Bearing 240/500,Hot Strip Mill,Mechanical Spares,Critical,60,125000,366049,716,0,28
2026-05-31,2026,5,SP-HSM-042,Spherical Roller Bearing 240/500,Hot Strip Mill,Mechanical Spares,Critical,60,125000,378171,709,0,25
2026-06-30,2026,6,SP-HSM-042,Spherical Roller Bearing 240/500,Hot Strip Mill,Mechanical Spares,Critical,60,125000,386231,711,0,20
2026-07-31,2026,7,SP-HSM-042,Spherical Roller Bearing 240/500,Hot Strip Mill,Mechanical Spares,Critical,60,125000,379845,719,0,24
2026-08-31,2026,8,SP-HSM-042,Spherical Roller Bearing 240/500,Hot Strip Mill,Mechanical Spares,Critical,60,125000,396143,706,0,25
2016-01-31,2016,1,SP-HSM-043,High-Pressure Descaling Nozzle Tips (Tungsten),Hot Strip Mill,Wear Parts,Medium,30,4500,386109,710,0,263
2016-02-29,2016,2,SP-HSM-043,High-Pressure Descaling Nozzle Tips (Tungsten),Hot Strip Mill,Wear Parts,Medium,30,4500,378402,705,0,248
2016-03-31,2016,3,SP-HSM-043,High-Pressure Descaling Nozzle Tips (Tungsten),Hot Strip Mill,Wear Parts,Medium,30,4500,381148,706,1,324
2016-04-30,2016,4,SP-HSM-043,High-Pressure Descaling Nozzle Tips (Tungsten),Hot Strip Mill,Wear Parts,Medium,30,4500,388319,719,0,204
2016-05-31,2016,5,SP-HSM-043,High-Pressure Descaling Nozzle Tips (Tungsten),Hot Strip Mill,Wear Parts,Medium,30,4500,381726,715,0,250
2016-06-30,2016,6,SP-HSM-043,High-Pressure Descaling Nozzle Tips (Tungsten),Hot Strip Mill,Wear Parts,Medium,30,4500,361939,706,0,216
2016-07-31,2016,7,SP-HSM-043,High-Pressure Descaling Nozzle Tips (Tungsten),Hot Strip Mill,Wear Parts,Medium,30,4500,379489,714,0,166
2016-08-31,2016,8,SP-HSM-043,High-Pressure Descaling Nozzle Tips (Tungsten),Hot Strip Mill,Wear Parts,Medium,30,4500,374703,719,0,212
2016-09-30,2016,9,SP-HSM-043,High-Pressure Descaling Nozzle Tips (Tungsten),Hot Strip Mill,Wear Parts,Medium,30,4500,380493,719,0,249
2016-10-31,2016,10,SP-HSM-043,High-Pressure Descaling Nozzle Tips (Tungsten),Hot Strip Mill,Wear Parts,Medium,30,4500,378660,704,0,260
2016-11-30,2016,11,SP-HSM-043,High-Pressure Descaling Nozzle Tips (Tungsten),Hot Strip Mill,Wear Parts,Medium,30,4500,377290,712,1,270
2016-12-31,2016,12,SP-HSM-043,High-Pressure Descaling Nozzle Tips (Tungsten),Hot Strip Mill,Wear Parts,Medium,30,4500,383504,702,0,283
2017-01-31,2017,1,SP-HSM-043,High-Pressure Descaling Nozzle Tips (Tungsten),Hot Strip Mill,Wear Parts,Medium,30,4500,384027,707,0,273
2017-02-28,2017,2,SP-HSM-043,High-Pressure Descaling Nozzle Tips (Tungsten),Hot Strip Mill,Wear Parts,Medium,30,4500,370664,706,0,265
2017-03-31,2017,3,SP-HSM-043,High-Pressure Descaling Nozzle Tips (Tungsten),Hot Strip Mill,Wear Parts,Medium,30,4500,378162,709,1,290
2017-04-30,2017,4,SP-HSM-043,High-Pressure Descaling Nozzle Tips (Tungsten),Hot Strip Mill,Wear Parts,Medium,30,4500,382680,701,0,258
2017-05-31,2017,5,SP-HSM-043,High-Pressure Descaling Nozzle Tips (Tungsten),Hot Strip Mill,Wear Parts,Medium,30,4500,373347,702,0,300
2017-06-30,2017,6,SP-HSM-043,High-Pressure Descaling Nozzle Tips (Tungsten),Hot Strip Mill,Wear Parts,Medium,30,4500,380339,704,0,257
2017-07-31,2017,7,SP-HSM-043,High-Pressure Descaling Nozzle Tips (Tungsten),Hot Strip Mill,Wear Parts,Medium,30,4500,396245,701,0,212
2017-08-31,2017,8,SP-HSM-043,High-Pressure Descaling Nozzle Tips (Tungsten),Hot Strip Mill,Wear Parts,Medium,30,4500,386776,709,0,194
2017-09-30,2017,9,SP-HSM-043,High-Pressure Descaling Nozzle Tips (Tungsten),Hot Strip Mill,Wear Parts,Medium,30,4500,362320,700,0,284
2017-10-31,2017,10,SP-HSM-043,High-Pressure Descaling Nozzle Tips (Tungsten),Hot Strip Mill,Wear Parts,Medium,30,4500,378428,704,0,241
2017-11-30,2017,11,SP-HSM-043,High-Pressure Descaling Nozzle Tips (Tungsten),Hot Strip Mill,Wear Parts,Medium,30,4500,376598,719,1,293
2017-12-31,2017,12,SP-HSM-043,High-Pressure Descaling Nozzle Tips (Tungsten),Hot Strip Mill,Wear Parts,Medium,30,4500,380420,705,0,250
2018-01-31,2018,1,SP-HSM-043,High-Pressure Descaling Nozzle Tips (Tungsten),Hot Strip Mill,Wear Parts,Medium,30,4500,395829,701,0,199
2018-02-28,2018,2,SP-HSM-043,High-Pressure Descaling Nozzle Tips (Tungsten),Hot Strip Mill,Wear Parts,Medium,30,4500,381054,703,0,239
2018-03-31,2018,3,SP-HSM-043,High-Pressure Descaling Nozzle Tips (Tungsten),Hot Strip Mill,Wear Parts,Medium,30,4500,383143,715,1,274
2018-04-30,2018,4,SP-HSM-043,High-Pressure Descaling Nozzle Tips (Tungsten),Hot Strip Mill,Wear Parts,Medium,30,4500,379089,714,0,202
2018-05-31,2018,5,SP-HSM-043,High-Pressure Descaling Nozzle Tips (Tungsten),Hot Strip Mill,Wear Parts,Medium,30,4500,385475,713,0,201
2018-06-30,2018,6,SP-HSM-043,High-Pressure Descaling Nozzle Tips (Tungsten),Hot Strip Mill,Wear Parts,Medium,30,4500,381605,715,0,203
2018-07-31,2018,7,SP-HSM-043,High-Pressure Descaling Nozzle Tips (Tungsten),Hot Strip Mill,Wear Parts,Medium,30,4500,377278,700,0,210
2018-08-31,2018,8,SP-HSM-043,High-Pressure Descaling Nozzle Tips (Tungsten),Hot Strip Mill,Wear Parts,Medium,30,4500,384671,704,0,204
2018-09-30,2018,9,SP-HSM-043,High-Pressure Descaling Nozzle Tips (Tungsten),Hot Strip Mill,Wear Parts,Medium,30,4500,369838,706,0,256
2018-10-31,2018,10,SP-HSM-043,High-Pressure Descaling Nozzle Tips (Tungsten),Hot Strip Mill,Wear Parts,Medium,30,4500,383489,701,0,294
2018-11-30,2018,11,SP-HSM-043,High-Pressure Descaling Nozzle Tips (Tungsten),Hot Strip Mill,Wear Parts,Medium,30,4500,376296,709,1,272
2018-12-31,2018,12,SP-HSM-043,High-Pressure Descaling Nozzle Tips (Tungsten),Hot Strip Mill,Wear Parts,Medium,30,4500,373444,705,0,248
2019-01-31,2019,1,SP-HSM-043,High-Pressure Descaling Nozzle Tips (Tungsten),Hot Strip Mill,Wear Parts,Medium,30,4500,382252,719,0,210
2019-02-28,2019,2,SP-HSM-043,High-Pressure Descaling Nozzle Tips (Tungsten),Hot Strip Mill,Wear Parts,Medium,30,4500,367265,715,0,169
2019-03-31,2019,3,SP-HSM-043,High-Pressure Descaling Nozzle Tips (Tungsten),Hot Strip Mill,Wear Parts,Medium,30,4500,363516,715,1,277
2019-04-30,2019,4,SP-HSM-043,High-Pressure Descaling Nozzle Tips (Tungsten),Hot Strip Mill,Wear Parts,Medium,30,4500,379828,707,0,170
2019-05-31,2019,5,SP-HSM-043,High-Pressure Descaling Nozzle Tips (Tungsten),Hot Strip Mill,Wear Parts,Medium,30,4500,368219,703,0,236
2019-06-30,2019,6,SP-HSM-043,High-Pressure Descaling Nozzle Tips (Tungsten),Hot Strip Mill,Wear Parts,Medium,30,4500,365958,700,0,216
2019-07-31,2019,7,SP-HSM-043,High-Pressure Descaling Nozzle Tips (Tungsten),Hot Strip Mill,Wear Parts,Medium,30,4500,373990,719,0,209
2019-08-31,2019,8,SP-HSM-043,High-Pressure Descaling Nozzle Tips (Tungsten),Hot Strip Mill,Wear Parts,Medium,30,4500,365858,711,0,247
2019-09-30,2019,9,SP-HSM-043,High-Pressure Descaling Nozzle Tips (Tungsten),Hot Strip Mill,Wear Parts,Medium,30,4500,388517,705,0,218
2019-10-31,2019,10,SP-HSM-043,High-Pressure Descaling Nozzle Tips (Tungsten),Hot Strip Mill,Wear Parts,Medium,30,4500,382504,718,0,239
2019-11-30,2019,11,SP-HSM-043,High-Pressure Descaling Nozzle Tips (Tungsten),Hot Strip Mill,Wear Parts,Medium,30,4500,375554,715,1,274
2019-12-31,2019,12,SP-HSM-043,High-Pressure Descaling Nozzle Tips (Tungsten),Hot Strip Mill,Wear Parts,Medium,30,4500,374321,704,0,115
2020-01-31,2020,1,SP-HSM-043,High-Pressure Descaling Nozzle Tips (Tungsten),Hot Strip Mill,Wear Parts,Medium,30,4500,368809,706,0,236
2020-02-29,2020,2,SP-HSM-043,High-Pressure Descaling Nozzle Tips (Tungsten),Hot Strip Mill,Wear Parts,Medium,30,4500,375482,701,0,239
2020-03-31,2020,3,SP-HSM-043,High-Pressure Descaling Nozzle Tips (Tungsten),Hot Strip Mill,Wear Parts,Medium,30,4500,358628,716,1,266
2020-04-30,2020,4,SP-HSM-043,High-Pressure Descaling Nozzle Tips (Tungsten),Hot Strip Mill,Wear Parts,Medium,30,4500,374636,713,0,254
2020-05-31,2020,5,SP-HSM-043,High-Pressure Descaling Nozzle Tips (Tungsten),Hot Strip Mill,Wear Parts,Medium,30,4500,383363,703,0,260
2020-06-30,2020,6,SP-HSM-043,High-Pressure Descaling Nozzle Tips (Tungsten),Hot Strip Mill,Wear Parts,Medium,30,4500,379065,705,0,256
2020-07-31,2020,7,SP-HSM-043,High-Pressure Descaling Nozzle Tips (Tungsten),Hot Strip Mill,Wear Parts,Medium,30,4500,374444,702,0,196
2020-08-31,2020,8,SP-HSM-043,High-Pressure Descaling Nozzle Tips (Tungsten),Hot Strip Mill,Wear Parts,Medium,30,4500,383439,701,0,125
2020-09-30,2020,9,SP-HSM-043,High-Pressure Descaling Nozzle Tips (Tungsten),Hot Strip Mill,Wear Parts,Medium,30,4500,370053,704,0,195
2020-10-31,2020,10,SP-HSM-043,High-Pressure Descaling Nozzle Tips (Tungsten),Hot Strip Mill,Wear Parts,Medium,30,4500,387408,716,0,283
2020-11-30,2020,11,SP-HSM-043,High-Pressure Descaling Nozzle Tips (Tungsten),Hot Strip Mill,Wear Parts,Medium,30,4500,365244,706,1,240
2020-12-31,2020,12,SP-HSM-043,High-Pressure Descaling Nozzle Tips (Tungsten),Hot Strip Mill,Wear Parts,Medium,30,4500,384744,703,0,243
2021-01-31,2021,1,SP-HSM-043,High-Pressure Descaling Nozzle Tips (Tungsten),Hot Strip Mill,Wear Parts,Medium,30,4500,384760,716,0,223
2021-02-28,2021,2,SP-HSM-043,High-Pressure Descaling Nozzle Tips (Tungsten),Hot Strip Mill,Wear Parts,Medium,30,4500,389946,713,0,180
2021-03-31,2021,3,SP-HSM-043,High-Pressure Descaling Nozzle Tips (Tungsten),Hot Strip Mill,Wear Parts,Medium,30,4500,379408,714,1,241
2021-04-30,2021,4,SP-HSM-043,High-Pressure Descaling Nozzle Tips (Tungsten),Hot Strip Mill,Wear Parts,Medium,30,4500,382436,711,0,214
2021-05-31,2021,5,SP-HSM-043,High-Pressure Descaling Nozzle Tips (Tungsten),Hot Strip Mill,Wear Parts,Medium,30,4500,383741,705,0,187
2021-06-30,2021,6,SP-HSM-043,High-Pressure Descaling Nozzle Tips (Tungsten),Hot Strip Mill,Wear Parts,Medium,30,4500,386194,702,0,253
2021-07-31,2021,7,SP-HSM-043,High-Pressure Descaling Nozzle Tips (Tungsten),Hot Strip Mill,Wear Parts,Medium,30,4500,394056,707,0,292
2021-08-31,2021,8,SP-HSM-043,High-Pressure Descaling Nozzle Tips (Tungsten),Hot Strip Mill,Wear Parts,Medium,30,4500,387050,709,0,231
2021-09-30,2021,9,SP-HSM-043,High-Pressure Descaling Nozzle Tips (Tungsten),Hot Strip Mill,Wear Parts,Medium,30,4500,380518,714,0,244
2021-10-31,2021,10,SP-HSM-043,High-Pressure Descaling Nozzle Tips (Tungsten),Hot Strip Mill,Wear Parts,Medium,30,4500,375513,716,0,284
2021-11-30,2021,11,SP-HSM-043,High-Pressure Descaling Nozzle Tips (Tungsten),Hot Strip Mill,Wear Parts,Medium,30,4500,374473,706,1,233
2021-12-31,2021,12,SP-HSM-043,High-Pressure Descaling Nozzle Tips (Tungsten),Hot Strip Mill,Wear Parts,Medium,30,4500,386868,711,0,257
2022-01-31,2022,1,SP-HSM-043,High-Pressure Descaling Nozzle Tips (Tungsten),Hot Strip Mill,Wear Parts,Medium,30,4500,376625,707,0,233
2022-02-28,2022,2,SP-HSM-043,High-Pressure Descaling Nozzle Tips (Tungsten),Hot Strip Mill,Wear Parts,Medium,30,4500,379895,714,0,198
2022-03-31,2022,3,SP-HSM-043,High-Pressure Descaling Nozzle Tips (Tungsten),Hot Strip Mill,Wear Parts,Medium,30,4500,374575,716,1,243
2022-04-30,2022,4,SP-HSM-043,High-Pressure Descaling Nozzle Tips (Tungsten),Hot Strip Mill,Wear Parts,Medium,30,4500,376236,704,0,226
2022-05-31,2022,5,SP-HSM-043,High-Pressure Descaling Nozzle Tips (Tungsten),Hot Strip Mill,Wear Parts,Medium,30,4500,382996,710,0,230
2022-06-30,2022,6,SP-HSM-043,High-Pressure Descaling Nozzle Tips (Tungsten),Hot Strip Mill,Wear Parts,Medium,30,4500,389601,717,0,214
2022-07-31,2022,7,SP-HSM-043,High-Pressure Descaling Nozzle Tips (Tungsten),Hot Strip Mill,Wear Parts,Medium,30,4500,380164,711,0,173
2022-08-31,2022,8,SP-HSM-043,High-Pressure Descaling Nozzle Tips (Tungsten),Hot Strip Mill,Wear Parts,Medium,30,4500,369580,717,0,180
2022-09-30,2022,9,SP-HSM-043,High-Pressure Descaling Nozzle Tips (Tungsten),Hot Strip Mill,Wear Parts,Medium,30,4500,373260,705,0,188
2022-10-31,2022,10,SP-HSM-043,High-Pressure Descaling Nozzle Tips (Tungsten),Hot Strip Mill,Wear Parts,Medium,30,4500,379343,715,0,269
2022-11-30,2022,11,SP-HSM-043,High-Pressure Descaling Nozzle Tips (Tungsten),Hot Strip Mill,Wear Parts,Medium,30,4500,381526,711,1,206
2022-12-31,2022,12,SP-HSM-043,High-Pressure Descaling Nozzle Tips (Tungsten),Hot Strip Mill,Wear Parts,Medium,30,4500,377161,705,0,195
2023-01-31,2023,1,SP-HSM-043,High-Pressure Descaling Nozzle Tips (Tungsten),Hot Strip Mill,Wear Parts,Medium,30,4500,369316,712,0,174
2023-02-28,2023,2,SP-HSM-043,High-Pressure Descaling Nozzle Tips (Tungsten),Hot Strip Mill,Wear Parts,Medium,30,4500,385271,708,0,188
2023-03-31,2023,3,SP-HSM-043,High-Pressure Descaling Nozzle Tips (Tungsten),Hot Strip Mill,Wear Parts,Medium,30,4500,372821,713,1,196
2023-04-30,2023,4,SP-HSM-043,High-Pressure Descaling Nozzle Tips (Tungsten),Hot Strip Mill,Wear Parts,Medium,30,4500,373556,707,0,208
2023-05-31,2023,5,SP-HSM-043,High-Pressure Descaling Nozzle Tips (Tungsten),Hot Strip Mill,Wear Parts,Medium,30,4500,377761,713,0,227
2023-06-30,2023,6,SP-HSM-043,High-Pressure Descaling Nozzle Tips (Tungsten),Hot Strip Mill,Wear Parts,Medium,30,4500,368208,708,0,228
2023-07-31,2023,7,SP-HSM-043,High-Pressure Descaling Nozzle Tips (Tungsten),Hot Strip Mill,Wear Parts,Medium,30,4500,373690,705,0,195
2023-08-31,2023,8,SP-HSM-043,High-Pressure Descaling Nozzle Tips (Tungsten),Hot Strip Mill,Wear Parts,Medium,30,4500,373025,719,0,139
2023-09-30,2023,9,SP-HSM-043,High-Pressure Descaling Nozzle Tips (Tungsten),Hot Strip Mill,Wear Parts,Medium,30,4500,376858,703,0,191
2023-10-31,2023,10,SP-HSM-043,High-Pressure Descaling Nozzle Tips (Tungsten),Hot Strip Mill,Wear Parts,Medium,30,4500,387372,714,0,227
2023-11-30,2023,11,SP-HSM-043,High-Pressure Descaling Nozzle Tips (Tungsten),Hot Strip Mill,Wear Parts,Medium,30,4500,363517,707,1,218
2023-12-31,2023,12,SP-HSM-043,High-Pressure Descaling Nozzle Tips (Tungsten),Hot Strip Mill,Wear Parts,Medium,30,4500,370743,709,0,194
2024-01-31,2024,1,SP-HSM-043,High-Pressure Descaling Nozzle Tips (Tungsten),Hot Strip Mill,Wear Parts,Medium,30,4500,369818,713,0,181
2024-02-29,2024,2,SP-HSM-043,High-Pressure Descaling Nozzle Tips (Tungsten),Hot Strip Mill,Wear Parts,Medium,30,4500,376892,701,0,222
2024-03-31,2024,3,SP-HSM-043,High-Pressure Descaling Nozzle Tips (Tungsten),Hot Strip Mill,Wear Parts,Medium,30,4500,372447,711,1,234
2024-04-30,2024,4,SP-HSM-043,High-Pressure Descaling Nozzle Tips (Tungsten),Hot Strip Mill,Wear Parts,Medium,30,4500,386779,705,0,246
2024-05-31,2024,5,SP-HSM-043,High-Pressure Descaling Nozzle Tips (Tungsten),Hot Strip Mill,Wear Parts,Medium,30,4500,381964,714,0,177
2024-06-30,2024,6,SP-HSM-043,High-Pressure Descaling Nozzle Tips (Tungsten),Hot Strip Mill,Wear Parts,Medium,30,4500,365241,705,0,237
2024-07-31,2024,7,SP-HSM-043,High-Pressure Descaling Nozzle Tips (Tungsten),Hot Strip Mill,Wear Parts,Medium,30,4500,383409,718,0,193
2024-08-31,2024,8,SP-HSM-043,High-Pressure Descaling Nozzle Tips (Tungsten),Hot Strip Mill,Wear Parts,Medium,30,4500,374772,711,0,193
2024-09-30,2024,9,SP-HSM-043,High-Pressure Descaling Nozzle Tips (Tungsten),Hot Strip Mill,Wear Parts,Medium,30,4500,383617,708,0,244
2024-10-31,2024,10,SP-HSM-043,High-Pressure Descaling Nozzle Tips (Tungsten),Hot Strip Mill,Wear Parts,Medium,30,4500,376585,705,0,234
2024-11-30,2024,11,SP-HSM-043,High-Pressure Descaling Nozzle Tips (Tungsten),Hot Strip Mill,Wear Parts,Medium,30,4500,380287,707,1,240
2024-12-31,2024,12,SP-HSM-043,High-Pressure Descaling Nozzle Tips (Tungsten),Hot Strip Mill,Wear Parts,Medium,30,4500,373577,713,0,222
2025-01-31,2025,1,SP-HSM-043,High-Pressure Descaling Nozzle Tips (Tungsten),Hot Strip Mill,Wear Parts,Medium,30,4500,376772,701,0,211
2025-02-28,2025,2,SP-HSM-043,High-Pressure Descaling Nozzle Tips (Tungsten),Hot Strip Mill,Wear Parts,Medium,30,4500,379216,708,0,221
2025-03-31,2025,3,SP-HSM-043,High-Pressure Descaling Nozzle Tips (Tungsten),Hot Strip Mill,Wear Parts,Medium,30,4500,373804,714,1,202
2025-04-30,2025,4,SP-HSM-043,High-Pressure Descaling Nozzle Tips (Tungsten),Hot Strip Mill,Wear Parts,Medium,30,4500,377055,712,0,213
2025-05-31,2025,5,SP-HSM-043,High-Pressure Descaling Nozzle Tips (Tungsten),Hot Strip Mill,Wear Parts,Medium,30,4500,367657,714,0,235
2025-06-30,2025,6,SP-HSM-043,High-Pressure Descaling Nozzle Tips (Tungsten),Hot Strip Mill,Wear Parts,Medium,30,4500,379522,700,0,232
2025-07-31,2025,7,SP-HSM-043,High-Pressure Descaling Nozzle Tips (Tungsten),Hot Strip Mill,Wear Parts,Medium,30,4500,371311,705,0,170
2025-08-31,2025,8,SP-HSM-043,High-Pressure Descaling Nozzle Tips (Tungsten),Hot Strip Mill,Wear Parts,Medium,30,4500,389191,712,0,181
2025-09-30,2025,9,SP-HSM-043,High-Pressure Descaling Nozzle Tips (Tungsten),Hot Strip Mill,Wear Parts,Medium,30,4500,372774,719,0,222
2025-10-31,2025,10,SP-HSM-043,High-Pressure Descaling Nozzle Tips (Tungsten),Hot Strip Mill,Wear Parts,Medium,30,4500,379872,716,0,261
2025-11-30,2025,11,SP-HSM-043,High-Pressure Descaling Nozzle Tips (Tungsten),Hot Strip Mill,Wear Parts,Medium,30,4500,377487,704,1,269
2025-12-31,2025,12,SP-HSM-043,High-Pressure Descaling Nozzle Tips (Tungsten),Hot Strip Mill,Wear Parts,Medium,30,4500,387122,714,0,235
2026-01-31,2026,1,SP-HSM-043,High-Pressure Descaling Nozzle Tips (Tungsten),Hot Strip Mill,Wear Parts,Medium,30,4500,373893,707,0,241
2026-02-28,2026,2,SP-HSM-043,High-Pressure Descaling Nozzle Tips (Tungsten),Hot Strip Mill,Wear Parts,Medium,30,4500,381230,710,0,262
2026-03-31,2026,3,SP-HSM-043,High-Pressure Descaling Nozzle Tips (Tungsten),Hot Strip Mill,Wear Parts,Medium,30,4500,373712,717,1,236
2026-04-30,2026,4,SP-HSM-043,High-Pressure Descaling Nozzle Tips (Tungsten),Hot Strip Mill,Wear Parts,Medium,30,4500,388855,709,0,258
2026-05-31,2026,5,SP-HSM-043,High-Pressure Descaling Nozzle Tips (Tungsten),Hot Strip Mill,Wear Parts,Medium,30,4500,369291,714,0,260
2026-06-30,2026,6,SP-HSM-043,High-Pressure Descaling Nozzle Tips (Tungsten),Hot Strip Mill,Wear Parts,Medium,30,4500,367077,712,0,181
2026-07-31,2026,7,SP-HSM-043,High-Pressure Descaling Nozzle Tips (Tungsten),Hot Strip Mill,Wear Parts,Medium,30,4500,375603,708,0,236
2026-08-31,2026,8,SP-HSM-043,High-Pressure Descaling Nozzle Tips (Tungsten),Hot Strip Mill,Wear Parts,Medium,30,4500,374476,709,0,211
2016-01-31,2016,1,SP-CCP-019,Hydraulic Proportional Servo Valve,Continuous Casting,Hydraulics,Critical,90,210000,376336,713,0,10
2016-02-29,2016,2,SP-CCP-019,Hydraulic Proportional Servo Valve,Continuous Casting,Hydraulics,Critical,90,210000,374670,703,0,8
2016-03-31,2016,3,SP-CCP-019,Hydraulic Proportional Servo Valve,Continuous Casting,Hydraulics,Critical,90,210000,386715,716,1,10
2016-04-30,2016,4,SP-CCP-019,Hydraulic Proportional Servo Valve,Continuous Casting,Hydraulics,Critical,90,210000,374709,705,0,8
2016-05-31,2016,5,SP-CCP-019,Hydraulic Proportional Servo Valve,Continuous Casting,Hydraulics,Critical,90,210000,371549,710,0,7
2016-06-30,2016,6,SP-CCP-019,Hydraulic Proportional Servo Valve,Continuous Casting,Hydraulics,Critical,90,210000,362980,707,0,9
2016-07-31,2016,7,SP-CCP-019,Hydraulic Proportional Servo Valve,Continuous Casting,Hydraulics,Critical,90,210000,384221,706,0,8
2016-08-31,2016,8,SP-CCP-019,Hydraulic Proportional Servo Valve,Continuous Casting,Hydraulics,Critical,90,210000,371061,710,0,6
2016-09-30,2016,9,SP-CCP-019,Hydraulic Proportional Servo Valve,Continuous Casting,Hydraulics,Critical,90,210000,378466,711,0,7
2016-10-31,2016,10,SP-CCP-019,Hydraulic Proportional Servo Valve,Continuous Casting,Hydraulics,Critical,90,210000,368997,717,0,9
2016-11-30,2016,11,SP-CCP-019,Hydraulic Proportional Servo Valve,Continuous Casting,Hydraulics,Critical,90,210000,387778,717,1,10
2016-12-31,2016,12,SP-CCP-019,Hydraulic Proportional Servo Valve,Continuous Casting,Hydraulics,Critical,90,210000,377175,712,0,10
2017-01-31,2017,1,SP-CCP-019,Hydraulic Proportional Servo Valve,Continuous Casting,Hydraulics,Critical,90,210000,383830,703,0,7
2017-02-28,2017,2,SP-CCP-019,Hydraulic Proportional Servo Valve,Continuous Casting,Hydraulics,Critical,90,210000,371730,702,0,9
2017-03-31,2017,3,SP-CCP-019,Hydraulic Proportional Servo Valve,Continuous Casting,Hydraulics,Critical,90,210000,387852,710,1,10
2017-04-30,2017,4,SP-CCP-019,Hydraulic Proportional Servo Valve,Continuous Casting,Hydraulics,Critical,90,210000,377785,707,0,8
2017-05-31,2017,5,SP-CCP-019,Hydraulic Proportional Servo Valve,Continuous Casting,Hydraulics,Critical,90,210000,378298,710,0,8
2017-06-30,2017,6,SP-CCP-019,Hydraulic Proportional Servo Valve,Continuous Casting,Hydraulics,Critical,90,210000,368681,701,0,9
2017-07-31,2017,7,SP-CCP-019,Hydraulic Proportional Servo Valve,Continuous Casting,Hydraulics,Critical,90,210000,369002,704,0,6
2017-08-31,2017,8,SP-CCP-019,Hydraulic Proportional Servo Valve,Continuous Casting,Hydraulics,Critical,90,210000,380937,711,0,7
2017-09-30,2017,9,SP-CCP-019,Hydraulic Proportional Servo Valve,Continuous Casting,Hydraulics,Critical,90,210000,367333,710,0,6
2017-10-31,2017,10,SP-CCP-019,Hydraulic Proportional Servo Valve,Continuous Casting,Hydraulics,Critical,90,210000,388734,703,0,10
2017-11-30,2017,11,SP-CCP-019,Hydraulic Proportional Servo Valve,Continuous Casting,Hydraulics,Critical,90,210000,358924,717,1,9
2017-12-31,2017,12,SP-CCP-019,Hydraulic Proportional Servo Valve,Continuous Casting,Hydraulics,Critical,90,210000,384432,702,0,10
2018-01-31,2018,1,SP-CCP-019,Hydraulic Proportional Servo Valve,Continuous Casting,Hydraulics,Critical,90,210000,372418,706,0,8
2018-02-28,2018,2,SP-CCP-019,Hydraulic Proportional Servo Valve,Continuous Casting,Hydraulics,Critical,90,210000,383203,704,0,7
2018-03-31,2018,3,SP-CCP-019,Hydraulic Proportional Servo Valve,Continuous Casting,Hydraulics,Critical,90,210000,386576,704,1,9
2018-04-30,2018,4,SP-CCP-019,Hydraulic Proportional Servo Valve,Continuous Casting,Hydraulics,Critical,90,210000,358454,700,0,8
2018-05-31,2018,5,SP-CCP-019,Hydraulic Proportional Servo Valve,Continuous Casting,Hydraulics,Critical,90,210000,400563,712,0,7
2018-06-30,2018,6,SP-CCP-019,Hydraulic Proportional Servo Valve,Continuous Casting,Hydraulics,Critical,90,210000,371061,700,0,9
2018-07-31,2018,7,SP-CCP-019,Hydraulic Proportional Servo Valve,Continuous Casting,Hydraulics,Critical,90,210000,381990,716,0,9
2018-08-31,2018,8,SP-CCP-019,Hydraulic Proportional Servo Valve,Continuous Casting,Hydraulics,Critical,90,210000,382631,709,0,7
2018-09-30,2018,9,SP-CCP-019,Hydraulic Proportional Servo Valve,Continuous Casting,Hydraulics,Critical,90,210000,388465,709,0,7
2018-10-31,2018,10,SP-CCP-019,Hydraulic Proportional Servo Valve,Continuous Casting,Hydraulics,Critical,90,210000,382411,717,0,9
2018-11-30,2018,11,SP-CCP-019,Hydraulic Proportional Servo Valve,Continuous Casting,Hydraulics,Critical,90,210000,373413,707,1,9
2018-12-31,2018,12,SP-CCP-019,Hydraulic Proportional Servo Valve,Continuous Casting,Hydraulics,Critical,90,210000,377574,710,0,9
2019-01-31,2019,1,SP-CCP-019,Hydraulic Proportional Servo Valve,Continuous Casting,Hydraulics,Critical,90,210000,372557,707,0,7
2019-02-28,2019,2,SP-CCP-019,Hydraulic Proportional Servo Valve,Continuous Casting,Hydraulics,Critical,90,210000,374796,719,0,9
2019-03-31,2019,3,SP-CCP-019,Hydraulic Proportional Servo Valve,Continuous Casting,Hydraulics,Critical,90,210000,363444,704,1,9
2019-04-30,2019,4,SP-CCP-019,Hydraulic Proportional Servo Valve,Continuous Casting,Hydraulics,Critical,90,210000,367910,701,0,6
2019-05-31,2019,5,SP-CCP-019,Hydraulic Proportional Servo Valve,Continuous Casting,Hydraulics,Critical,90,210000,372571,714,0,5
2019-06-30,2019,6,SP-CCP-019,Hydraulic Proportional Servo Valve,Continuous Casting,Hydraulics,Critical,90,210000,386164,700,0,8
2019-07-31,2019,7,SP-CCP-019,Hydraulic Proportional Servo Valve,Continuous Casting,Hydraulics,Critical,90,210000,381587,709,0,5
2019-08-31,2019,8,SP-CCP-019,Hydraulic Proportional Servo Valve,Continuous Casting,Hydraulics,Critical,90,210000,378838,701,0,8
2019-09-30,2019,9,SP-CCP-019,Hydraulic Proportional Servo Valve,Continuous Casting,Hydraulics,Critical,90,210000,380193,715,0,9
2019-10-31,2019,10,SP-CCP-019,Hydraulic Proportional Servo Valve,Continuous Casting,Hydraulics,Critical,90,210000,382302,710,0,9
2019-11-30,2019,11,SP-CCP-019,Hydraulic Proportional Servo Valve,Continuous Casting,Hydraulics,Critical,90,210000,379852,712,1,7
2019-12-31,2019,12,SP-CCP-019,Hydraulic Proportional Servo Valve,Continuous Casting,Hydraulics,Critical,90,210000,371739,703,0,8
2020-01-31,2020,1,SP-CCP-019,Hydraulic Proportional Servo Valve,Continuous Casting,Hydraulics,Critical,90,210000,380474,718,0,8
2020-02-29,2020,2,SP-CCP-019,Hydraulic Proportional Servo Valve,Continuous Casting,Hydraulics,Critical,90,210000,382318,713,0,9
2020-03-31,2020,3,SP-CCP-019,Hydraulic Proportional Servo Valve,Continuous Casting,Hydraulics,Critical,90,210000,379676,712,1,10
2020-04-30,2020,4,SP-CCP-019,Hydraulic Proportional Servo Valve,Continuous Casting,Hydraulics,Critical,90,210000,377545,714,0,6
2020-05-31,2020,5,SP-CCP-019,Hydraulic Proportional Servo Valve,Continuous Casting,Hydraulics,Critical,90,210000,371857,706,0,7
2020-06-30,2020,6,SP-CCP-019,Hydraulic Proportional Servo Valve,Continuous Casting,Hydraulics,Critical,90,210000,372531,708,0,7
2020-07-31,2020,7,SP-CCP-019,Hydraulic Proportional Servo Valve,Continuous Casting,Hydraulics,Critical,90,210000,378358,703,0,8
2020-08-31,2020,8,SP-CCP-019,Hydraulic Proportional Servo Valve,Continuous Casting,Hydraulics,Critical,90,210000,379914,707,0,6
2020-09-30,2020,9,SP-CCP-019,Hydraulic Proportional Servo Valve,Continuous Casting,Hydraulics,Critical,90,210000,382087,715,0,9
2020-10-31,2020,10,SP-CCP-019,Hydraulic Proportional Servo Valve,Continuous Casting,Hydraulics,Critical,90,210000,385219,705,0,8
2020-11-30,2020,11,SP-CCP-019,Hydraulic Proportional Servo Valve,Continuous Casting,Hydraulics,Critical,90,210000,379535,706,1,9
2020-12-31,2020,12,SP-CCP-019,Hydraulic Proportional Servo Valve,Continuous Casting,Hydraulics,Critical,90,210000,372085,713,0,7
2021-01-31,2021,1,SP-CCP-019,Hydraulic Proportional Servo Valve,Continuous Casting,Hydraulics,Critical,90,210000,382305,705,0,6
2021-02-28,2021,2,SP-CCP-019,Hydraulic Proportional Servo Valve,Continuous Casting,Hydraulics,Critical,90,210000,386763,715,0,8
2021-03-31,2021,3,SP-CCP-019,Hydraulic Proportional Servo Valve,Continuous Casting,Hydraulics,Critical,90,210000,373411,701,1,9
2021-04-30,2021,4,SP-CCP-019,Hydraulic Proportional Servo Valve,Continuous Casting,Hydraulics,Critical,90,210000,371474,708,0,9
2021-05-31,2021,5,SP-CCP-019,Hydraulic Proportional Servo Valve,Continuous Casting,Hydraulics,Critical,90,210000,381435,700,0,6
2021-06-30,2021,6,SP-CCP-019,Hydraulic Proportional Servo Valve,Continuous Casting,Hydraulics,Critical,90,210000,369281,717,0,9
2021-07-31,2021,7,SP-CCP-019,Hydraulic Proportional Servo Valve,Continuous Casting,Hydraulics,Critical,90,210000,376227,718,0,7
2021-08-31,2021,8,SP-CCP-019,Hydraulic Proportional Servo Valve,Continuous Casting,Hydraulics,Critical,90,210000,375156,711,0,7
2021-09-30,2021,9,SP-CCP-019,Hydraulic Proportional Servo Valve,Continuous Casting,Hydraulics,Critical,90,210000,384556,717,0,8
2021-10-31,2021,10,SP-CCP-019,Hydraulic Proportional Servo Valve,Continuous Casting,Hydraulics,Critical,90,210000,378007,702,0,8
2021-11-30,2021,11,SP-CCP-019,Hydraulic Proportional Servo Valve,Continuous Casting,Hydraulics,Critical,90,210000,378452,715,1,9
2021-12-31,2021,12,SP-CCP-019,Hydraulic Proportional Servo Valve,Continuous Casting,Hydraulics,Critical,90,210000,364859,713,0,8
2022-01-31,2022,1,SP-CCP-019,Hydraulic Proportional Servo Valve,Continuous Casting,Hydraulics,Critical,90,210000,381088,715,0,8
2022-02-28,2022,2,SP-CCP-019,Hydraulic Proportional Servo Valve,Continuous Casting,Hydraulics,Critical,90,210000,384284,712,0,9
2022-03-31,2022,3,SP-CCP-019,Hydraulic Proportional Servo Valve,Continuous Casting,Hydraulics,Critical,90,210000,378438,711,1,9
2022-04-30,2022,4,SP-CCP-019,Hydraulic Proportional Servo Valve,Continuous Casting,Hydraulics,Critical,90,210000,389242,707,0,7
2022-05-31,2022,5,SP-CCP-019,Hydraulic Proportional Servo Valve,Continuous Casting,Hydraulics,Critical,90,210000,380219,718,0,6
2022-06-30,2022,6,SP-CCP-019,Hydraulic Proportional Servo Valve,Continuous Casting,Hydraulics,Critical,90,210000,375197,710,0,8
2022-07-31,2022,7,SP-CCP-019,Hydraulic Proportional Servo Valve,Continuous Casting,Hydraulics,Critical,90,210000,381113,711,0,7
2022-08-31,2022,8,SP-CCP-019,Hydraulic Proportional Servo Valve,Continuous Casting,Hydraulics,Critical,90,210000,376195,713,0,6
2022-09-30,2022,9,SP-CCP-019,Hydraulic Proportional Servo Valve,Continuous Casting,Hydraulics,Critical,90,210000,369135,718,0,9
2022-10-31,2022,10,SP-CCP-019,Hydraulic Proportional Servo Valve,Continuous Casting,Hydraulics,Critical,90,210000,376675,713,0,7
2022-11-30,2022,11,SP-CCP-019,Hydraulic Proportional Servo Valve,Continuous Casting,Hydraulics,Critical,90,210000,383857,705,1,10
2022-12-31,2022,12,SP-CCP-019,Hydraulic Proportional Servo Valve,Continuous Casting,Hydraulics,Critical,90,210000,379538,711,0,6
2023-01-31,2023,1,SP-CCP-019,Hydraulic Proportional Servo Valve,Continuous Casting,Hydraulics,Critical,90,210000,380622,709,0,6
2023-02-28,2023,2,SP-CCP-019,Hydraulic Proportional Servo Valve,Continuous Casting,Hydraulics,Critical,90,210000,383389,703,0,8
2023-03-31,2023,3,SP-CCP-019,Hydraulic Proportional Servo Valve,Continuous Casting,Hydraulics,Critical,90,210000,387660,716,1,9
2023-04-30,2023,4,SP-CCP-019,Hydraulic Proportional Servo Valve,Continuous Casting,Hydraulics,Critical,90,210000,369665,708,0,10
2023-05-31,2023,5,SP-CCP-019,Hydraulic Proportional Servo Valve,Continuous Casting,Hydraulics,Critical,90,210000,378339,705,0,6
2023-06-30,2023,6,SP-CCP-019,Hydraulic Proportional Servo Valve,Continuous Casting,Hydraulics,Critical,90,210000,377698,711,0,8
2023-07-31,2023,7,SP-CCP-019,Hydraulic Proportional Servo Valve,Continuous Casting,Hydraulics,Critical,90,210000,373318,700,0,6
2023-08-31,2023,8,SP-CCP-019,Hydraulic Proportional Servo Valve,Continuous Casting,Hydraulics,Critical,90,210000,370892,712,0,6
2023-09-30,2023,9,SP-CCP-019,Hydraulic Proportional Servo Valve,Continuous Casting,Hydraulics,Critical,90,210000,368598,717,0,8
2023-10-31,2023,10,SP-CCP-019,Hydraulic Proportional Servo Valve,Continuous Casting,Hydraulics,Critical,90,210000,375443,714,0,8
2023-11-30,2023,11,SP-CCP-019,Hydraulic Proportional Servo Valve,Continuous Casting,Hydraulics,Critical,90,210000,382982,719,1,8
2023-12-31,2023,12,SP-CCP-019,Hydraulic Proportional Servo Valve,Continuous Casting,Hydraulics,Critical,90,210000,378675,709,0,7
2024-01-31,2024,1,SP-CCP-019,Hydraulic Proportional Servo Valve,Continuous Casting,Hydraulics,Critical,90,210000,372659,719,0,7
2024-02-29,2024,2,SP-CCP-019,Hydraulic Proportional Servo Valve,Continuous Casting,Hydraulics,Critical,90,210000,378682,718,0,7
2024-03-31,2024,3,SP-CCP-019,Hydraulic Proportional Servo Valve,Continuous Casting,Hydraulics,Critical,90,210000,374835,701,1,7
2024-04-30,2024,4,SP-CCP-019,Hydraulic Proportional Servo Valve,Continuous Casting,Hydraulics,Critical,90,210000,371656,709,0,6
2024-05-31,2024,5,SP-CCP-019,Hydraulic Proportional Servo Valve,Continuous Casting,Hydraulics,Critical,90,210000,372836,703,0,7
2024-06-30,2024,6,SP-CCP-019,Hydraulic Proportional Servo Valve,Continuous Casting,Hydraulics,Critical,90,210000,364350,715,0,7
2024-07-31,2024,7,SP-CCP-019,Hydraulic Proportional Servo Valve,Continuous Casting,Hydraulics,Critical,90,210000,367846,704,0,5
2024-08-31,2024,8,SP-CCP-019,Hydraulic Proportional Servo Valve,Continuous Casting,Hydraulics,Critical,90,210000,373604,707,0,6
2024-09-30,2024,9,SP-CCP-019,Hydraulic Proportional Servo Valve,Continuous Casting,Hydraulics,Critical,90,210000,373082,704,0,7
2024-10-31,2024,10,SP-CCP-019,Hydraulic Proportional Servo Valve,Continuous Casting,Hydraulics,Critical,90,210000,373619,706,0,8
2024-11-30,2024,11,SP-CCP-019,Hydraulic Proportional Servo Valve,Continuous Casting,Hydraulics,Critical,90,210000,376058,706,1,7
2024-12-31,2024,12,SP-CCP-019,Hydraulic Proportional Servo Valve,Continuous Casting,Hydraulics,Critical,90,210000,385752,702,0,7
2025-01-31,2025,1,SP-CCP-019,Hydraulic Proportional Servo Valve,Continuous Casting,Hydraulics,Critical,90,210000,378262,702,0,10
2025-02-28,2025,2,SP-CCP-019,Hydraulic Proportional Servo Valve,Continuous Casting,Hydraulics,Critical,90,210000,366694,709,0,8
2025-03-31,2025,3,SP-CCP-019,Hydraulic Proportional Servo Valve,Continuous Casting,Hydraulics,Critical,90,210000,376363,706,1,7
2025-04-30,2025,4,SP-CCP-019,Hydraulic Proportional Servo Valve,Continuous Casting,Hydraulics,Critical,90,210000,368422,714,0,5
2025-05-31,2025,5,SP-CCP-019,Hydraulic Proportional Servo Valve,Continuous Casting,Hydraulics,Critical,90,210000,390108,715,0,8
2025-06-30,2025,6,SP-CCP-019,Hydraulic Proportional Servo Valve,Continuous Casting,Hydraulics,Critical,90,210000,373966,710,0,8
2025-07-31,2025,7,SP-CCP-019,Hydraulic Proportional Servo Valve,Continuous Casting,Hydraulics,Critical,90,210000,374938,703,0,7
2025-08-31,2025,8,SP-CCP-019,Hydraulic Proportional Servo Valve,Continuous Casting,Hydraulics,Critical,90,210000,389175,709,0,6
2025-09-30,2025,9,SP-CCP-019,Hydraulic Proportional Servo Valve,Continuous Casting,Hydraulics,Critical,90,210000,385900,707,0,7
2025-10-31,2025,10,SP-CCP-019,Hydraulic Proportional Servo Valve,Continuous Casting,Hydraulics,Critical,90,210000,374979,706,0,9
2025-11-30,2025,11,SP-CCP-019,Hydraulic Proportional Servo Valve,Continuous Casting,Hydraulics,Critical,90,210000,388170,702,1,8
2025-12-31,2025,12,SP-CCP-019,Hydraulic Proportional Servo Valve,Continuous Casting,Hydraulics,Critical,90,210000,378824,711,0,6
2026-01-31,2026,1,SP-CCP-019,Hydraulic Proportional Servo Valve,Continuous Casting,Hydraulics,Critical,90,210000,397750,704,0,8
2026-02-28,2026,2,SP-CCP-019,Hydraulic Proportional Servo Valve,Continuous Casting,Hydraulics,Critical,90,210000,363226,713,0,9
2026-03-31,2026,3,SP-CCP-019,Hydraulic Proportional Servo Valve,Continuous Casting,Hydraulics,Critical,90,210000,381734,703,1,8
2026-04-30,2026,4,SP-CCP-019,Hydraulic Proportional Servo Valve,Continuous Casting,Hydraulics,Critical,90,210000,372730,703,0,7
2026-05-31,2026,5,SP-CCP-019,Hydraulic Proportional Servo Valve,Continuous Casting,Hydraulics,Critical,90,210000,375613,718,0,9
2026-06-30,2026,6,SP-CCP-019,Hydraulic Proportional Servo Valve,Continuous Casting,Hydraulics,Critical,90,210000,380539,702,0,8
2026-07-31,2026,7,SP-CCP-019,Hydraulic Proportional Servo Valve,Continuous Casting,Hydraulics,Critical,90,210000,389743,707,0,7
2026-08-31,2026,8,SP-CCP-019,Hydraulic Proportional Servo Valve,Continuous Casting,Hydraulics,Critical,90,210000,380929,716,0,6
2016-01-31,2016,1,SP-CCP-020,Copper Mould Tube 150x150mm (Cr-Zr-Cu),Continuous Casting,Wear Parts,Critical,60,135000,376028,713,0,24
2016-02-29,2016,2,SP-CCP-020,Copper Mould Tube 150x150mm (Cr-Zr-Cu),Continuous Casting,Wear Parts,Critical,60,135000,374806,717,0,20
2016-03-31,2016,3,SP-CCP-020,Copper Mould Tube 150x150mm (Cr-Zr-Cu),Continuous Casting,Wear Parts,Critical,60,135000,373543,700,1,23
2016-04-30,2016,4,SP-CCP-020,Copper Mould Tube 150x150mm (Cr-Zr-Cu),Continuous Casting,Wear Parts,Critical,60,135000,382719,712,0,23
2016-05-31,2016,5,SP-CCP-020,Copper Mould Tube 150x150mm (Cr-Zr-Cu),Continuous Casting,Wear Parts,Critical,60,135000,375170,709,0,23
2016-06-30,2016,6,SP-CCP-020,Copper Mould Tube 150x150mm (Cr-Zr-Cu),Continuous Casting,Wear Parts,Critical,60,135000,374546,709,0,22
2016-07-31,2016,7,SP-CCP-020,Copper Mould Tube 150x150mm (Cr-Zr-Cu),Continuous Casting,Wear Parts,Critical,60,135000,372751,704,0,18
2016-08-31,2016,8,SP-CCP-020,Copper Mould Tube 150x150mm (Cr-Zr-Cu),Continuous Casting,Wear Parts,Critical,60,135000,379761,709,0,22
2016-09-30,2016,9,SP-CCP-020,Copper Mould Tube 150x150mm (Cr-Zr-Cu),Continuous Casting,Wear Parts,Critical,60,135000,375417,709,0,23
2016-10-31,2016,10,SP-CCP-020,Copper Mould Tube 150x150mm (Cr-Zr-Cu),Continuous Casting,Wear Parts,Critical,60,135000,396005,719,0,22
2016-11-30,2016,11,SP-CCP-020,Copper Mould Tube 150x150mm (Cr-Zr-Cu),Continuous Casting,Wear Parts,Critical,60,135000,376068,716,1,29
2016-12-31,2016,12,SP-CCP-020,Copper Mould Tube 150x150mm (Cr-Zr-Cu),Continuous Casting,Wear Parts,Critical,60,135000,375477,710,0,19
2017-01-31,2017,1,SP-CCP-020,Copper Mould Tube 150x150mm (Cr-Zr-Cu),Continuous Casting,Wear Parts,Critical,60,135000,386189,710,0,23
2017-02-28,2017,2,SP-CCP-020,Copper Mould Tube 150x150mm (Cr-Zr-Cu),Continuous Casting,Wear Parts,Critical,60,135000,374823,700,0,22
2017-03-31,2017,3,SP-CCP-020,Copper Mould Tube 150x150mm (Cr-Zr-Cu),Continuous Casting,Wear Parts,Critical,60,135000,363343,716,1,30
2017-04-30,2017,4,SP-CCP-020,Copper Mould Tube 150x150mm (Cr-Zr-Cu),Continuous Casting,Wear Parts,Critical,60,135000,367596,700,0,21
2017-05-31,2017,5,SP-CCP-020,Copper Mould Tube 150x150mm (Cr-Zr-Cu),Continuous Casting,Wear Parts,Critical,60,135000,375472,712,0,23
2017-06-30,2017,6,SP-CCP-020,Copper Mould Tube 150x150mm (Cr-Zr-Cu),Continuous Casting,Wear Parts,Critical,60,135000,373511,707,0,21
2017-07-31,2017,7,SP-CCP-020,Copper Mould Tube 150x150mm (Cr-Zr-Cu),Continuous Casting,Wear Parts,Critical,60,135000,376431,715,0,23
2017-08-31,2017,8,SP-CCP-020,Copper Mould Tube 150x150mm (Cr-Zr-Cu),Continuous Casting,Wear Parts,Critical,60,135000,382639,704,0,18
2017-09-30,2017,9,SP-CCP-020,Copper Mould Tube 150x150mm (Cr-Zr-Cu),Continuous Casting,Wear Parts,Critical,60,135000,385527,718,0,27
2017-10-31,2017,10,SP-CCP-020,Copper Mould Tube 150x150mm (Cr-Zr-Cu),Continuous Casting,Wear Parts,Critical,60,135000,374910,700,0,25
2017-11-30,2017,11,SP-CCP-020,Copper Mould Tube 150x150mm (Cr-Zr-Cu),Continuous Casting,Wear Parts,Critical,60,135000,380821,715,1,29
2017-12-31,2017,12,SP-CCP-020,Copper Mould Tube 150x150mm (Cr-Zr-Cu),Continuous Casting,Wear Parts,Critical,60,135000,374407,700,0,19
2018-01-31,2018,1,SP-CCP-020,Copper Mould Tube 150x150mm (Cr-Zr-Cu),Continuous Casting,Wear Parts,Critical,60,135000,380491,718,0,22
2018-02-28,2018,2,SP-CCP-020,Copper Mould Tube 150x150mm (Cr-Zr-Cu),Continuous Casting,Wear Parts,Critical,60,135000,385279,713,0,18
2018-03-31,2018,3,SP-CCP-020,Copper Mould Tube 150x150mm (Cr-Zr-Cu),Continuous Casting,Wear Parts,Critical,60,135000,386661,718,1,24
2018-04-30,2018,4,SP-CCP-020,Copper Mould Tube 150x150mm (Cr-Zr-Cu),Continuous Casting,Wear Parts,Critical,60,135000,382392,705,0,23
2018-05-31,2018,5,SP-CCP-020,Copper Mould Tube 150x150mm (Cr-Zr-Cu),Continuous Casting,Wear Parts,Critical,60,135000,386716,719,0,26
2018-06-30,2018,6,SP-CCP-020,Copper Mould Tube 150x150mm (Cr-Zr-Cu),Continuous Casting,Wear Parts,Critical,60,135000,371125,701,0,18
2018-07-31,2018,7,SP-CCP-020,Copper Mould Tube 150x150mm (Cr-Zr-Cu),Continuous Casting,Wear Parts,Critical,60,135000,366750,706,0,18
2018-08-31,2018,8,SP-CCP-020,Copper Mould Tube 150x150mm (Cr-Zr-Cu),Continuous Casting,Wear Parts,Critical,60,135000,376045,718,0,16
2018-09-30,2018,9,SP-CCP-020,Copper Mould Tube 150x150mm (Cr-Zr-Cu),Continuous Casting,Wear Parts,Critical,60,135000,382335,703,0,19
2018-10-31,2018,10,SP-CCP-020,Copper Mould Tube 150x150mm (Cr-Zr-Cu),Continuous Casting,Wear Parts,Critical,60,135000,379324,710,0,26
2018-11-30,2018,11,SP-CCP-020,Copper Mould Tube 150x150mm (Cr-Zr-Cu),Continuous Casting,Wear Parts,Critical,60,135000,378279,713,1,21
2018-12-31,2018,12,SP-CCP-020,Copper Mould Tube 150x150mm (Cr-Zr-Cu),Continuous Casting,Wear Parts,Critical,60,135000,386308,711,0,24
2019-01-31,2019,1,SP-CCP-020,Copper Mould Tube 150x150mm (Cr-Zr-Cu),Continuous Casting,Wear Parts,Critical,60,135000,370101,708,0,24
2019-02-28,2019,2,SP-CCP-020,Copper Mould Tube 150x150mm (Cr-Zr-Cu),Continuous Casting,Wear Parts,Critical,60,135000,374972,713,0,21
2019-03-31,2019,3,SP-CCP-020,Copper Mould Tube 150x150mm (Cr-Zr-Cu),Continuous Casting,Wear Parts,Critical,60,135000,370994,703,1,21
2019-04-30,2019,4,SP-CCP-020,Copper Mould Tube 150x150mm (Cr-Zr-Cu),Continuous Casting,Wear Parts,Critical,60,135000,370911,716,0,15
2019-05-31,2019,5,SP-CCP-020,Copper Mould Tube 150x150mm (Cr-Zr-Cu),Continuous Casting,Wear Parts,Critical,60,135000,379441,710,0,18
2019-06-30,2019,6,SP-CCP-020,Copper Mould Tube 150x150mm (Cr-Zr-Cu),Continuous Casting,Wear Parts,Critical,60,135000,376461,705,0,15
2019-07-31,2019,7,SP-CCP-020,Copper Mould Tube 150x150mm (Cr-Zr-Cu),Continuous Casting,Wear Parts,Critical,60,135000,367091,703,0,23
2019-08-31,2019,8,SP-CCP-020,Copper Mould Tube 150x150mm (Cr-Zr-Cu),Continuous Casting,Wear Parts,Critical,60,135000,377793,718,0,15
2019-09-30,2019,9,SP-CCP-020,Copper Mould Tube 150x150mm (Cr-Zr-Cu),Continuous Casting,Wear Parts,Critical,60,135000,385980,713,0,18
2019-10-31,2019,10,SP-CCP-020,Copper Mould Tube 150x150mm (Cr-Zr-Cu),Continuous Casting,Wear Parts,Critical,60,135000,390614,717,0,25
2019-11-30,2019,11,SP-CCP-020,Copper Mould Tube 150x150mm (Cr-Zr-Cu),Continuous Casting,Wear Parts,Critical,60,135000,365035,700,1,20
2019-12-31,2019,12,SP-CCP-020,Copper Mould Tube 150x150mm (Cr-Zr-Cu),Continuous Casting,Wear Parts,Critical,60,135000,380260,702,0,21
2020-01-31,2020,1,SP-CCP-020,Copper Mould Tube 150x150mm (Cr-Zr-Cu),Continuous Casting,Wear Parts,Critical,60,135000,369729,702,0,27
2020-02-29,2020,2,SP-CCP-020,Copper Mould Tube 150x150mm (Cr-Zr-Cu),Continuous Casting,Wear Parts,Critical,60,135000,379362,714,0,19
2020-03-31,2020,3,SP-CCP-020,Copper Mould Tube 150x150mm (Cr-Zr-Cu),Continuous Casting,Wear Parts,Critical,60,135000,378783,710,1,23
2020-04-30,2020,4,SP-CCP-020,Copper Mould Tube 150x150mm (Cr-Zr-Cu),Continuous Casting,Wear Parts,Critical,60,135000,365104,718,0,22
2020-05-31,2020,5,SP-CCP-020,Copper Mould Tube 150x150mm (Cr-Zr-Cu),Continuous Casting,Wear Parts,Critical,60,135000,363873,701,0,18
2020-06-30,2020,6,SP-CCP-020,Copper Mould Tube 150x150mm (Cr-Zr-Cu),Continuous Casting,Wear Parts,Critical,60,135000,379216,709,0,20
2020-07-31,2020,7,SP-CCP-020,Copper Mould Tube 150x150mm (Cr-Zr-Cu),Continuous Casting,Wear Parts,Critical,60,135000,382432,705,0,15
2020-08-31,2020,8,SP-CCP-020,Copper Mould Tube 150x150mm (Cr-Zr-Cu),Continuous Casting,Wear Parts,Critical,60,135000,364191,716,0,21
2020-09-30,2020,9,SP-CCP-020,Copper Mould Tube 150x150mm (Cr-Zr-Cu),Continuous Casting,Wear Parts,Critical,60,135000,377535,707,0,24
2020-10-31,2020,10,SP-CCP-020,Copper Mould Tube 150x150mm (Cr-Zr-Cu),Continuous Casting,Wear Parts,Critical,60,135000,386928,706,0,22
2020-11-30,2020,11,SP-CCP-020,Copper Mould Tube 150x150mm (Cr-Zr-Cu),Continuous Casting,Wear Parts,Critical,60,135000,366798,716,1,16
2020-12-31,2020,12,SP-CCP-020,Copper Mould Tube 150x150mm (Cr-Zr-Cu),Continuous Casting,Wear Parts,Critical,60,135000,374057,716,0,17
2021-01-31,2021,1,SP-CCP-020,Copper Mould Tube 150x150mm (Cr-Zr-Cu),Continuous Casting,Wear Parts,Critical,60,135000,375599,709,0,24
2021-02-28,2021,2,SP-CCP-020,Copper Mould Tube 150x150mm (Cr-Zr-Cu),Continuous Casting,Wear Parts,Critical,60,135000,381903,702,0,21
2021-03-31,2021,3,SP-CCP-020,Copper Mould Tube 150x150mm (Cr-Zr-Cu),Continuous Casting,Wear Parts,Critical,60,135000,380214,710,1,25
2021-04-30,2021,4,SP-CCP-020,Copper Mould Tube 150x150mm (Cr-Zr-Cu),Continuous Casting,Wear Parts,Critical,60,135000,378548,708,0,20
2021-05-31,2021,5,SP-CCP-020,Copper Mould Tube 150x150mm (Cr-Zr-Cu),Continuous Casting,Wear Parts,Critical,60,135000,382231,719,0,18
2021-06-30,2021,6,SP-CCP-020,Copper Mould Tube 150x150mm (Cr-Zr-Cu),Continuous Casting,Wear Parts,Critical,60,135000,391969,701,0,22
2021-07-31,2021,7,SP-CCP-020,Copper Mould Tube 150x150mm (Cr-Zr-Cu),Continuous Casting,Wear Parts,Critical,60,135000,371372,712,0,18
2021-08-31,2021,8,SP-CCP-020,Copper Mould Tube 150x150mm (Cr-Zr-Cu),Continuous Casting,Wear Parts,Critical,60,135000,380132,701,0,20
2021-09-30,2021,9,SP-CCP-020,Copper Mould Tube 150x150mm (Cr-Zr-Cu),Continuous Casting,Wear Parts,Critical,60,135000,384233,708,0,16
2021-10-31,2021,10,SP-CCP-020,Copper Mould Tube 150x150mm (Cr-Zr-Cu),Continuous Casting,Wear Parts,Critical,60,135000,381846,712,0,25
2021-11-30,2021,11,SP-CCP-020,Copper Mould Tube 150x150mm (Cr-Zr-Cu),Continuous Casting,Wear Parts,Critical,60,135000,368236,702,1,22
2021-12-31,2021,12,SP-CCP-020,Copper Mould Tube 150x150mm (Cr-Zr-Cu),Continuous Casting,Wear Parts,Critical,60,135000,370555,713,0,16
2022-01-31,2022,1,SP-CCP-020,Copper Mould Tube 150x150mm (Cr-Zr-Cu),Continuous Casting,Wear Parts,Critical,60,135000,372715,707,0,20
2022-02-28,2022,2,SP-CCP-020,Copper Mould Tube 150x150mm (Cr-Zr-Cu),Continuous Casting,Wear Parts,Critical,60,135000,373984,716,0,19
2022-03-31,2022,3,SP-CCP-020,Copper Mould Tube 150x150mm (Cr-Zr-Cu),Continuous Casting,Wear Parts,Critical,60,135000,376001,703,1,21
2022-04-30,2022,4,SP-CCP-020,Copper Mould Tube 150x150mm (Cr-Zr-Cu),Continuous Casting,Wear Parts,Critical,60,135000,377754,704,0,22
2022-05-31,2022,5,SP-CCP-020,Copper Mould Tube 150x150mm (Cr-Zr-Cu),Continuous Casting,Wear Parts,Critical,60,135000,389144,719,0,20
2022-06-30,2022,6,SP-CCP-020,Copper Mould Tube 150x150mm (Cr-Zr-Cu),Continuous Casting,Wear Parts,Critical,60,135000,379179,718,0,19
2022-07-31,2022,7,SP-CCP-020,Copper Mould Tube 150x150mm (Cr-Zr-Cu),Continuous Casting,Wear Parts,Critical,60,135000,378267,712,0,19
2022-08-31,2022,8,SP-CCP-020,Copper Mould Tube 150x150mm (Cr-Zr-Cu),Continuous Casting,Wear Parts,Critical,60,135000,387078,710,0,16
2022-09-30,2022,9,SP-CCP-020,Copper Mould Tube 150x150mm (Cr-Zr-Cu),Continuous Casting,Wear Parts,Critical,60,135000,371453,714,0,24
2022-10-31,2022,10,SP-CCP-020,Copper Mould Tube 150x150mm (Cr-Zr-Cu),Continuous Casting,Wear Parts,Critical,60,135000,374542,716,0,23
2022-11-30,2022,11,SP-CCP-020,Copper Mould Tube 150x150mm (Cr-Zr-Cu),Continuous Casting,Wear Parts,Critical,60,135000,385202,708,1,23
2022-12-31,2022,12,SP-CCP-020,Copper Mould Tube 150x150mm (Cr-Zr-Cu),Continuous Casting,Wear Parts,Critical,60,135000,381872,705,0,19
2023-01-31,2023,1,SP-CCP-020,Copper Mould Tube 150x150mm (Cr-Zr-Cu),Continuous Casting,Wear Parts,Critical,60,135000,376223,710,0,23
2023-02-28,2023,2,SP-CCP-020,Copper Mould Tube 150x150mm (Cr-Zr-Cu),Continuous Casting,Wear Parts,Critical,60,135000,381403,706,0,15
2023-03-31,2023,3,SP-CCP-020,Copper Mould Tube 150x150mm (Cr-Zr-Cu),Continuous Casting,Wear Parts,Critical,60,135000,375955,714,1,24
2023-04-30,2023,4,SP-CCP-020,Copper Mould Tube 150x150mm (Cr-Zr-Cu),Continuous Casting,Wear Parts,Critical,60,135000,385912,716,0,16
2023-05-31,2023,5,SP-CCP-020,Copper Mould Tube 150x150mm (Cr-Zr-Cu),Continuous Casting,Wear Parts,Critical,60,135000,375706,715,0,21
2023-06-30,2023,6,SP-CCP-020,Copper Mould Tube 150x150mm (Cr-Zr-Cu),Continuous Casting,Wear Parts,Critical,60,135000,377147,713,0,19
2023-07-31,2023,7,SP-CCP-020,Copper Mould Tube 150x150mm (Cr-Zr-Cu),Continuous Casting,Wear Parts,Critical,60,135000,371445,718,0,18
2023-08-31,2023,8,SP-CCP-020,Copper Mould Tube 150x150mm (Cr-Zr-Cu),Continuous Casting,Wear Parts,Critical,60,135000,379774,704,0,14
2023-09-30,2023,9,SP-CCP-020,Copper Mould Tube 150x150mm (Cr-Zr-Cu),Continuous Casting,Wear Parts,Critical,60,135000,379825,708,0,15
2023-10-31,2023,10,SP-CCP-020,Copper Mould Tube 150x150mm (Cr-Zr-Cu),Continuous Casting,Wear Parts,Critical,60,135000,374298,708,0,22
2023-11-30,2023,11,SP-CCP-020,Copper Mould Tube 150x150mm (Cr-Zr-Cu),Continuous Casting,Wear Parts,Critical,60,135000,379387,701,1,23
2023-12-31,2023,12,SP-CCP-020,Copper Mould Tube 150x150mm (Cr-Zr-Cu),Continuous Casting,Wear Parts,Critical,60,135000,370658,700,0,19
2024-01-31,2024,1,SP-CCP-020,Copper Mould Tube 150x150mm (Cr-Zr-Cu),Continuous Casting,Wear Parts,Critical,60,135000,383627,703,0,24
2024-02-29,2024,2,SP-CCP-020,Copper Mould Tube 150x150mm (Cr-Zr-Cu),Continuous Casting,Wear Parts,Critical,60,135000,373659,717,0,18
2024-03-31,2024,3,SP-CCP-020,Copper Mould Tube 150x150mm (Cr-Zr-Cu),Continuous Casting,Wear Parts,Critical,60,135000,375301,701,1,24
2024-04-30,2024,4,SP-CCP-020,Copper Mould Tube 150x150mm (Cr-Zr-Cu),Continuous Casting,Wear Parts,Critical,60,135000,376863,707,0,18
2024-05-31,2024,5,SP-CCP-020,Copper Mould Tube 150x150mm (Cr-Zr-Cu),Continuous Casting,Wear Parts,Critical,60,135000,376787,700,0,18
2024-06-30,2024,6,SP-CCP-020,Copper Mould Tube 150x150mm (Cr-Zr-Cu),Continuous Casting,Wear Parts,Critical,60,135000,371536,700,0,22
2024-07-31,2024,7,SP-CCP-020,Copper Mould Tube 150x150mm (Cr-Zr-Cu),Continuous Casting,Wear Parts,Critical,60,135000,364146,719,0,21
2024-08-31,2024,8,SP-CCP-020,Copper Mould Tube 150x150mm (Cr-Zr-Cu),Continuous Casting,Wear Parts,Critical,60,135000,364128,714,0,18
2024-09-30,2024,9,SP-CCP-020,Copper Mould Tube 150x150mm (Cr-Zr-Cu),Continuous Casting,Wear Parts,Critical,60,135000,379596,707,0,19
2024-10-31,2024,10,SP-CCP-020,Copper Mould Tube 150x150mm (Cr-Zr-Cu),Continuous Casting,Wear Parts,Critical,60,135000,371862,708,0,22
2024-11-30,2024,11,SP-CCP-020,Copper Mould Tube 150x150mm (Cr-Zr-Cu),Continuous Casting,Wear Parts,Critical,60,135000,379307,704,1,23
2024-12-31,2024,12,SP-CCP-020,Copper Mould Tube 150x150mm (Cr-Zr-Cu),Continuous Casting,Wear Parts,Critical,60,135000,380732,718,0,18
2025-01-31,2025,1,SP-CCP-020,Copper Mould Tube 150x150mm (Cr-Zr-Cu),Continuous Casting,Wear Parts,Critical,60,135000,376147,706,0,17
2025-02-28,2025,2,SP-CCP-020,Copper Mould Tube 150x150mm (Cr-Zr-Cu),Continuous Casting,Wear Parts,Critical,60,135000,381808,701,0,18
2025-03-31,2025,3,SP-CCP-020,Copper Mould Tube 150x150mm (Cr-Zr-Cu),Continuous Casting,Wear Parts,Critical,60,135000,356056,706,1,22
2025-04-30,2025,4,SP-CCP-020,Copper Mould Tube 150x150mm (Cr-Zr-Cu),Continuous Casting,Wear Parts,Critical,60,135000,381778,703,0,14
2025-05-31,2025,5,SP-CCP-020,Copper Mould Tube 150x150mm (Cr-Zr-Cu),Continuous Casting,Wear Parts,Critical,60,135000,386487,715,0,21
2025-06-30,2025,6,SP-CCP-020,Copper Mould Tube 150x150mm (Cr-Zr-Cu),Continuous Casting,Wear Parts,Critical,60,135000,375706,705,0,19
2025-07-31,2025,7,SP-CCP-020,Copper Mould Tube 150x150mm (Cr-Zr-Cu),Continuous Casting,Wear Parts,Critical,60,135000,368648,713,0,13
2025-08-31,2025,8,SP-CCP-020,Copper Mould Tube 150x150mm (Cr-Zr-Cu),Continuous Casting,Wear Parts,Critical,60,135000,388206,703,0,15
2025-09-30,2025,9,SP-CCP-020,Copper Mould Tube 150x150mm (Cr-Zr-Cu),Continuous Casting,Wear Parts,Critical,60,135000,367479,717,0,22
2025-10-31,2025,10,SP-CCP-020,Copper Mould Tube 150x150mm (Cr-Zr-Cu),Continuous Casting,Wear Parts,Critical,60,135000,374696,704,0,24
2025-11-30,2025,11,SP-CCP-020,Copper Mould Tube 150x150mm (Cr-Zr-Cu),Continuous Casting,Wear Parts,Critical,60,135000,366403,713,1,21
2025-12-31,2025,12,SP-CCP-020,Copper Mould Tube 150x150mm (Cr-Zr-Cu),Continuous Casting,Wear Parts,Critical,60,135000,380653,716,0,22
2026-01-31,2026,1,SP-CCP-020,Copper Mould Tube 150x150mm (Cr-Zr-Cu),Continuous Casting,Wear Parts,Critical,60,135000,371170,714,0,21
2026-02-28,2026,2,SP-CCP-020,Copper Mould Tube 150x150mm (Cr-Zr-Cu),Continuous Casting,Wear Parts,Critical,60,135000,391211,705,0,19
2026-03-31,2026,3,SP-CCP-020,Copper Mould Tube 150x150mm (Cr-Zr-Cu),Continuous Casting,Wear Parts,Critical,60,135000,387143,717,1,30
2026-04-30,2026,4,SP-CCP-020,Copper Mould Tube 150x150mm (Cr-Zr-Cu),Continuous Casting,Wear Parts,Critical,60,135000,377757,712,0,17
2026-05-31,2026,5,SP-CCP-020,Copper Mould Tube 150x150mm (Cr-Zr-Cu),Continuous Casting,Wear Parts,Critical,60,135000,367719,706,0,17
2026-06-30,2026,6,SP-CCP-020,Copper Mould Tube 150x150mm (Cr-Zr-Cu),Continuous Casting,Wear Parts,Critical,60,135000,389156,704,0,23
2026-07-31,2026,7,SP-CCP-020,Copper Mould Tube 150x150mm (Cr-Zr-Cu),Continuous Casting,Wear Parts,Critical,60,135000,381481,716,0,20
2026-08-31,2026,8,SP-CCP-020,Copper Mould Tube 150x150mm (Cr-Zr-Cu),Continuous Casting,Wear Parts,Critical,60,135000,391756,700,0,20
2016-01-31,2016,1,CON-REF-104,High Alumina Refractory Bricks (70% Al2O3),Steel Melting Shop,Refractories,Medium,30,3200,372623,715,0,418
2016-02-29,2016,2,CON-REF-104,High Alumina Refractory Bricks (70% Al2O3),Steel Melting Shop,Refractories,Medium,30,3200,385065,702,0,433
2016-03-31,2016,3,CON-REF-104,High Alumina Refractory Bricks (70% Al2O3),Steel Melting Shop,Refractories,Medium,30,3200,387605,706,1,547
2016-04-30,2016,4,CON-REF-104,High Alumina Refractory Bricks (70% Al2O3),Steel Melting Shop,Refractories,Medium,30,3200,387615,712,0,546
2016-05-31,2016,5,CON-REF-104,High Alumina Refractory Bricks (70% Al2O3),Steel Melting Shop,Refractories,Medium,30,3200,386273,708,0,551
2016-06-30,2016,6,CON-REF-104,High Alumina Refractory Bricks (70% Al2O3),Steel Melting Shop,Refractories,Medium,30,3200,387747,704,0,414
2016-07-31,2016,7,CON-REF-104,High Alumina Refractory Bricks (70% Al2O3),Steel Melting Shop,Refractories,Medium,30,3200,371832,712,0,441
2016-08-31,2016,8,CON-REF-104,High Alumina Refractory Bricks (70% Al2O3),Steel Melting Shop,Refractories,Medium,30,3200,373788,701,0,439
2016-09-30,2016,9,CON-REF-104,High Alumina Refractory Bricks (70% Al2O3),Steel Melting Shop,Refractories,Medium,30,3200,382619,716,0,402
2016-10-31,2016,10,CON-REF-104,High Alumina Refractory Bricks (70% Al2O3),Steel Melting Shop,Refractories,Medium,30,3200,378010,718,0,409
2016-11-30,2016,11,CON-REF-104,High Alumina Refractory Bricks (70% Al2O3),Steel Melting Shop,Refractories,Medium,30,3200,376945,700,1,414
2016-12-31,2016,12,CON-REF-104,High Alumina Refractory Bricks (70% Al2O3),Steel Melting Shop,Refractories,Medium,30,3200,378823,700,0,437
2017-01-31,2017,1,CON-REF-104,High Alumina Refractory Bricks (70% Al2O3),Steel Melting Shop,Refractories,Medium,30,3200,371459,710,0,554
2017-02-28,2017,2,CON-REF-104,High Alumina Refractory Bricks (70% Al2O3),Steel Melting Shop,Refractories,Medium,30,3200,375664,713,0,404
2017-03-31,2017,3,CON-REF-104,High Alumina Refractory Bricks (70% Al2O3),Steel Melting Shop,Refractories,Medium,30,3200,381515,711,1,569
2017-04-30,2017,4,CON-REF-104,High Alumina Refractory Bricks (70% Al2O3),Steel Melting Shop,Refractories,Medium,30,3200,373844,701,0,451
2017-05-31,2017,5,CON-REF-104,High Alumina Refractory Bricks (70% Al2O3),Steel Melting Shop,Refractories,Medium,30,3200,366671,718,0,508
2017-06-30,2017,6,CON-REF-104,High Alumina Refractory Bricks (70% Al2O3),Steel Melting Shop,Refractories,Medium,30,3200,371485,714,0,435
2017-07-31,2017,7,CON-REF-104,High Alumina Refractory Bricks (70% Al2O3),Steel Melting Shop,Refractories,Medium,30,3200,381870,713,0,296
2017-08-31,2017,8,CON-REF-104,High Alumina Refractory Bricks (70% Al2O3),Steel Melting Shop,Refractories,Medium,30,3200,380927,713,0,405
2017-09-30,2017,9,CON-REF-104,High Alumina Refractory Bricks (70% Al2O3),Steel Melting Shop,Refractories,Medium,30,3200,382981,705,0,459
2017-10-31,2017,10,CON-REF-104,High Alumina Refractory Bricks (70% Al2O3),Steel Melting Shop,Refractories,Medium,30,3200,385263,712,0,457
2017-11-30,2017,11,CON-REF-104,High Alumina Refractory Bricks (70% Al2O3),Steel Melting Shop,Refractories,Medium,30,3200,378129,714,1,521
2017-12-31,2017,12,CON-REF-104,High Alumina Refractory Bricks (70% Al2O3),Steel Melting Shop,Refractories,Medium,30,3200,389368,711,0,383
2018-01-31,2018,1,CON-REF-104,High Alumina Refractory Bricks (70% Al2O3),Steel Melting Shop,Refractories,Medium,30,3200,372791,701,0,426
2018-02-28,2018,2,CON-REF-104,High Alumina Refractory Bricks (70% Al2O3),Steel Melting Shop,Refractories,Medium,30,3200,373729,708,0,462
2018-03-31,2018,3,CON-REF-104,High Alumina Refractory Bricks (70% Al2O3),Steel Melting Shop,Refractories,Medium,30,3200,386758,702,1,552
2018-04-30,2018,4,CON-REF-104,High Alumina Refractory Bricks (70% Al2O3),Steel Melting Shop,Refractories,Medium,30,3200,369464,700,0,406
2018-05-31,2018,5,CON-REF-104,High Alumina Refractory Bricks (70% Al2O3),Steel Melting Shop,Refractories,Medium,30,3200,389050,719,0,454
2018-06-30,2018,6,CON-REF-104,High Alumina Refractory Bricks (70% Al2O3),Steel Melting Shop,Refractories,Medium,30,3200,384591,701,0,596
2018-07-31,2018,7,CON-REF-104,High Alumina Refractory Bricks (70% Al2O3),Steel Melting Shop,Refractories,Medium,30,3200,362679,712,0,440
2018-08-31,2018,8,CON-REF-104,High Alumina Refractory Bricks (70% Al2O3),Steel Melting Shop,Refractories,Medium,30,3200,368739,701,0,361
2018-09-30,2018,9,CON-REF-104,High Alumina Refractory Bricks (70% Al2O3),Steel Melting Shop,Refractories,Medium,30,3200,374780,703,0,431
2018-10-31,2018,10,CON-REF-104,High Alumina Refractory Bricks (70% Al2O3),Steel Melting Shop,Refractories,Medium,30,3200,379512,710,0,528
2018-11-30,2018,11,CON-REF-104,High Alumina Refractory Bricks (70% Al2O3),Steel Melting Shop,Refractories,Medium,30,3200,389898,706,1,532
2018-12-31,2018,12,CON-REF-104,High Alumina Refractory Bricks (70% Al2O3),Steel Melting Shop,Refractories,Medium,30,3200,373273,713,0,358
2019-01-31,2019,1,CON-REF-104,High Alumina Refractory Bricks (70% Al2O3),Steel Melting Shop,Refractories,Medium,30,3200,368634,702,0,465
2019-02-28,2019,2,CON-REF-104,High Alumina Refractory Bricks (70% Al2O3),Steel Melting Shop,Refractories,Medium,30,3200,370331,711,0,421
2019-03-31,2019,3,CON-REF-104,High Alumina Refractory Bricks (70% Al2O3),Steel Melting Shop,Refractories,Medium,30,3200,384811,715,1,522
2019-04-30,2019,4,CON-REF-104,High Alumina Refractory Bricks (70% Al2O3),Steel Melting Shop,Refractories,Medium,30,3200,376910,714,0,462
2019-05-31,2019,5,CON-REF-104,High Alumina Refractory Bricks (70% Al2O3),Steel Melting Shop,Refractories,Medium,30,3200,368429,700,0,428
2019-06-30,2019,6,CON-REF-104,High Alumina Refractory Bricks (70% Al2O3),Steel Melting Shop,Refractories,Medium,30,3200,373613,712,0,310
2019-07-31,2019,7,CON-REF-104,High Alumina Refractory Bricks (70% Al2O3),Steel Melting Shop,Refractories,Medium,30,3200,374317,702,0,378
2019-08-31,2019,8,CON-REF-104,High Alumina Refractory Bricks (70% Al2O3),Steel Melting Shop,Refractories,Medium,30,3200,395245,710,0,321
2019-09-30,2019,9,CON-REF-104,High Alumina Refractory Bricks (70% Al2O3),Steel Melting Shop,Refractories,Medium,30,3200,378319,710,0,355
2019-10-31,2019,10,CON-REF-104,High Alumina Refractory Bricks (70% Al2O3),Steel Melting Shop,Refractories,Medium,30,3200,381629,716,0,396
2019-11-30,2019,11,CON-REF-104,High Alumina Refractory Bricks (70% Al2O3),Steel Melting Shop,Refractories,Medium,30,3200,376894,713,1,432
2019-12-31,2019,12,CON-REF-104,High Alumina Refractory Bricks (70% Al2O3),Steel Melting Shop,Refractories,Medium,30,3200,370899,712,0,345
2020-01-31,2020,1,CON-REF-104,High Alumina Refractory Bricks (70% Al2O3),Steel Melting Shop,Refractories,Medium,30,3200,390213,707,0,455
2020-02-29,2020,2,CON-REF-104,High Alumina Refractory Bricks (70% Al2O3),Steel Melting Shop,Refractories,Medium,30,3200,374331,703,0,540
2020-03-31,2020,3,CON-REF-104,High Alumina Refractory Bricks (70% Al2O3),Steel Melting Shop,Refractories,Medium,30,3200,382027,707,1,584
2020-04-30,2020,4,CON-REF-104,High Alumina Refractory Bricks (70% Al2O3),Steel Melting Shop,Refractories,Medium,30,3200,375423,715,0,415
2020-05-31,2020,5,CON-REF-104,High Alumina Refractory Bricks (70% Al2O3),Steel Melting Shop,Refractories,Medium,30,3200,370511,713,0,490
2020-06-30,2020,6,CON-REF-104,High Alumina Refractory Bricks (70% Al2O3),Steel Melting Shop,Refractories,Medium,30,3200,388979,709,0,392
2020-07-31,2020,7,CON-REF-104,High Alumina Refractory Bricks (70% Al2O3),Steel Melting Shop,Refractories,Medium,30,3200,383353,705,0,365
2020-08-31,2020,8,CON-REF-104,High Alumina Refractory Bricks (70% Al2O3),Steel Melting Shop,Refractories,Medium,30,3200,379882,719,0,320
2020-09-30,2020,9,CON-REF-104,High Alumina Refractory Bricks (70% Al2O3),Steel Melting Shop,Refractories,Medium,30,3200,373769,706,0,415
2020-10-31,2020,10,CON-REF-104,High Alumina Refractory Bricks (70% Al2O3),Steel Melting Shop,Refractories,Medium,30,3200,368822,713,0,488
2020-11-30,2020,11,CON-REF-104,High Alumina Refractory Bricks (70% Al2O3),Steel Melting Shop,Refractories,Medium,30,3200,369555,702,1,396
2020-12-31,2020,12,CON-REF-104,High Alumina Refractory Bricks (70% Al2O3),Steel Melting Shop,Refractories,Medium,30,3200,376634,707,0,475
2021-01-31,2021,1,CON-REF-104,High Alumina Refractory Bricks (70% Al2O3),Steel Melting Shop,Refractories,Medium,30,3200,373317,712,0,537
2021-02-28,2021,2,CON-REF-104,High Alumina Refractory Bricks (70% Al2O3),Steel Melting Shop,Refractories,Medium,30,3200,380076,719,0,459
2021-03-31,2021,3,CON-REF-104,High Alumina Refractory Bricks (70% Al2O3),Steel Melting Shop,Refractories,Medium,30,3200,378160,712,1,431
2021-04-30,2021,4,CON-REF-104,High Alumina Refractory Bricks (70% Al2O3),Steel Melting Shop,Refractories,Medium,30,3200,364977,706,0,512
2021-05-31,2021,5,CON-REF-104,High Alumina Refractory Bricks (70% Al2O3),Steel Melting Shop,Refractories,Medium,30,3200,376608,703,0,379
2021-06-30,2021,6,CON-REF-104,High Alumina Refractory Bricks (70% Al2O3),Steel Melting Shop,Refractories,Medium,30,3200,372310,701,0,468
2021-07-31,2021,7,CON-REF-104,High Alumina Refractory Bricks (70% Al2O3),Steel Melting Shop,Refractories,Medium,30,3200,395355,717,0,444
2021-08-31,2021,8,CON-REF-104,High Alumina Refractory Bricks (70% Al2O3),Steel Melting Shop,Refractories,Medium,30,3200,364599,716,0,429
2021-09-30,2021,9,CON-REF-104,High Alumina Refractory Bricks (70% Al2O3),Steel Melting Shop,Refractories,Medium,30,3200,372495,711,0,436
2021-10-31,2021,10,CON-REF-104,High Alumina Refractory Bricks (70% Al2O3),Steel Melting Shop,Refractories,Medium,30,3200,377187,705,0,539
2021-11-30,2021,11,CON-REF-104,High Alumina Refractory Bricks (70% Al2O3),Steel Melting Shop,Refractories,Medium,30,3200,378186,708,1,492
2021-12-31,2021,12,CON-REF-104,High Alumina Refractory Bricks (70% Al2O3),Steel Melting Shop,Refractories,Medium,30,3200,372954,718,0,441
2022-01-31,2022,1,CON-REF-104,High Alumina Refractory Bricks (70% Al2O3),Steel Melting Shop,Refractories,Medium,30,3200,380260,716,0,480
2022-02-28,2022,2,CON-REF-104,High Alumina Refractory Bricks (70% Al2O3),Steel Melting Shop,Refractories,Medium,30,3200,376339,712,0,355
2022-03-31,2022,3,CON-REF-104,High Alumina Refractory Bricks (70% Al2O3),Steel Melting Shop,Refractories,Medium,30,3200,380159,705,1,491
2022-04-30,2022,4,CON-REF-104,High Alumina Refractory Bricks (70% Al2O3),Steel Melting Shop,Refractories,Medium,30,3200,380644,700,0,356
2022-05-31,2022,5,CON-REF-104,High Alumina Refractory Bricks (70% Al2O3),Steel Melting Shop,Refractories,Medium,30,3200,379765,711,0,263
2022-06-30,2022,6,CON-REF-104,High Alumina Refractory Bricks (70% Al2O3),Steel Melting Shop,Refractories,Medium,30,3200,377993,709,0,426
2022-07-31,2022,7,CON-REF-104,High Alumina Refractory Bricks (70% Al2O3),Steel Melting Shop,Refractories,Medium,30,3200,371866,708,0,330
2022-08-31,2022,8,CON-REF-104,High Alumina Refractory Bricks (70% Al2O3),Steel Melting Shop,Refractories,Medium,30,3200,367672,701,0,435
2022-09-30,2022,9,CON-REF-104,High Alumina Refractory Bricks (70% Al2O3),Steel Melting Shop,Refractories,Medium,30,3200,382643,707,0,411
2022-10-31,2022,10,CON-REF-104,High Alumina Refractory Bricks (70% Al2O3),Steel Melting Shop,Refractories,Medium,30,3200,374579,700,0,382
2022-11-30,2022,11,CON-REF-104,High Alumina Refractory Bricks (70% Al2O3),Steel Melting Shop,Refractories,Medium,30,3200,379693,711,1,483
2022-12-31,2022,12,CON-REF-104,High Alumina Refractory Bricks (70% Al2O3),Steel Melting Shop,Refractories,Medium,30,3200,384782,711,0,370
2023-01-31,2023,1,CON-REF-104,High Alumina Refractory Bricks (70% Al2O3),Steel Melting Shop,Refractories,Medium,30,3200,379779,715,0,459
2023-02-28,2023,2,CON-REF-104,High Alumina Refractory Bricks (70% Al2O3),Steel Melting Shop,Refractories,Medium,30,3200,365822,719,0,494
2023-03-31,2023,3,CON-REF-104,High Alumina Refractory Bricks (70% Al2O3),Steel Melting Shop,Refractories,Medium,30,3200,392760,704,1,507
2023-04-30,2023,4,CON-REF-104,High Alumina Refractory Bricks (70% Al2O3),Steel Melting Shop,Refractories,Medium,30,3200,384456,703,0,504
2023-05-31,2023,5,CON-REF-104,High Alumina Refractory Bricks (70% Al2O3),Steel Melting Shop,Refractories,Medium,30,3200,377658,715,0,366
2023-06-30,2023,6,CON-REF-104,High Alumina Refractory Bricks (70% Al2O3),Steel Melting Shop,Refractories,Medium,30,3200,365660,713,0,407
2023-07-31,2023,7,CON-REF-104,High Alumina Refractory Bricks (70% Al2O3),Steel Melting Shop,Refractories,Medium,30,3200,375833,703,0,308
2023-08-31,2023,8,CON-REF-104,High Alumina Refractory Bricks (70% Al2O3),Steel Melting Shop,Refractories,Medium,30,3200,372953,707,0,322
2023-09-30,2023,9,CON-REF-104,High Alumina Refractory Bricks (70% Al2O3),Steel Melting Shop,Refractories,Medium,30,3200,375719,710,0,369
2023-10-31,2023,10,CON-REF-104,High Alumina Refractory Bricks (70% Al2O3),Steel Melting Shop,Refractories,Medium,30,3200,359752,716,0,441
2023-11-30,2023,11,CON-REF-104,High Alumina Refractory Bricks (70% Al2O3),Steel Melting Shop,Refractories,Medium,30,3200,376759,701,1,396
2023-12-31,2023,12,CON-REF-104,High Alumina Refractory Bricks (70% Al2O3),Steel Melting Shop,Refractories,Medium,30,3200,377524,711,0,360
2024-01-31,2024,1,CON-REF-104,High Alumina Refractory Bricks (70% Al2O3),Steel Melting Shop,Refractories,Medium,30,3200,377376,719,0,449
2024-02-29,2024,2,CON-REF-104,High Alumina Refractory Bricks (70% Al2O3),Steel Melting Shop,Refractories,Medium,30,3200,391020,700,0,426
2024-03-31,2024,3,CON-REF-104,High Alumina Refractory Bricks (70% Al2O3),Steel Melting Shop,Refractories,Medium,30,3200,373093,703,1,441
2024-04-30,2024,4,CON-REF-104,High Alumina Refractory Bricks (70% Al2O3),Steel Melting Shop,Refractories,Medium,30,3200,364802,707,0,401
2024-05-31,2024,5,CON-REF-104,High Alumina Refractory Bricks (70% Al2O3),Steel Melting Shop,Refractories,Medium,30,3200,383130,701,0,280
2024-06-30,2024,6,CON-REF-104,High Alumina Refractory Bricks (70% Al2O3),Steel Melting Shop,Refractories,Medium,30,3200,368475,709,0,490
2024-07-31,2024,7,CON-REF-104,High Alumina Refractory Bricks (70% Al2O3),Steel Melting Shop,Refractories,Medium,30,3200,373746,706,0,343
2024-08-31,2024,8,CON-REF-104,High Alumina Refractory Bricks (70% Al2O3),Steel Melting Shop,Refractories,Medium,30,3200,377052,714,0,374
2024-09-30,2024,9,CON-REF-104,High Alumina Refractory Bricks (70% Al2O3),Steel Melting Shop,Refractories,Medium,30,3200,369799,704,0,308
2024-10-31,2024,10,CON-REF-104,High Alumina Refractory Bricks (70% Al2O3),Steel Melting Shop,Refractories,Medium,30,3200,380628,710,0,509
2024-11-30,2024,11,CON-REF-104,High Alumina Refractory Bricks (70% Al2O3),Steel Melting Shop,Refractories,Medium,30,3200,381993,701,1,451
2024-12-31,2024,12,CON-REF-104,High Alumina Refractory Bricks (70% Al2O3),Steel Melting Shop,Refractories,Medium,30,3200,369989,715,0,323
2025-01-31,2025,1,CON-REF-104,High Alumina Refractory Bricks (70% Al2O3),Steel Melting Shop,Refractories,Medium,30,3200,377267,704,0,407
2025-02-28,2025,2,CON-REF-104,High Alumina Refractory Bricks (70% Al2O3),Steel Melting Shop,Refractories,Medium,30,3200,365969,719,0,312
2025-03-31,2025,3,CON-REF-104,High Alumina Refractory Bricks (70% Al2O3),Steel Melting Shop,Refractories,Medium,30,3200,380536,706,1,436
2025-04-30,2025,4,CON-REF-104,High Alumina Refractory Bricks (70% Al2O3),Steel Melting Shop,Refractories,Medium,30,3200,372961,711,0,490
2025-05-31,2025,5,CON-REF-104,High Alumina Refractory Bricks (70% Al2O3),Steel Melting Shop,Refractories,Medium,30,3200,380065,717,0,430
2025-06-30,2025,6,CON-REF-104,High Alumina Refractory Bricks (70% Al2O3),Steel Melting Shop,Refractories,Medium,30,3200,378089,702,0,384
2025-07-31,2025,7,CON-REF-104,High Alumina Refractory Bricks (70% Al2O3),Steel Melting Shop,Refractories,Medium,30,3200,386134,708,0,236
2025-08-31,2025,8,CON-REF-104,High Alumina Refractory Bricks (70% Al2O3),Steel Melting Shop,Refractories,Medium,30,3200,378071,702,0,356
2025-09-30,2025,9,CON-REF-104,High Alumina Refractory Bricks (70% Al2O3),Steel Melting Shop,Refractories,Medium,30,3200,370004,702,0,492
2025-10-31,2025,10,CON-REF-104,High Alumina Refractory Bricks (70% Al2O3),Steel Melting Shop,Refractories,Medium,30,3200,386771,709,0,402
2025-11-30,2025,11,CON-REF-104,High Alumina Refractory Bricks (70% Al2O3),Steel Melting Shop,Refractories,Medium,30,3200,363782,711,1,408
2025-12-31,2025,12,CON-REF-104,High Alumina Refractory Bricks (70% Al2O3),Steel Melting Shop,Refractories,Medium,30,3200,368462,709,0,418
2026-01-31,2026,1,CON-REF-104,High Alumina Refractory Bricks (70% Al2O3),Steel Melting Shop,Refractories,Medium,30,3200,396766,704,0,536
2026-02-28,2026,2,CON-REF-104,High Alumina Refractory Bricks (70% Al2O3),Steel Melting Shop,Refractories,Medium,30,3200,389637,711,0,416
2026-03-31,2026,3,CON-REF-104,High Alumina Refractory Bricks (70% Al2O3),Steel Melting Shop,Refractories,Medium,30,3200,387035,711,1,459
2026-04-30,2026,4,CON-REF-104,High Alumina Refractory Bricks (70% Al2O3),Steel Melting Shop,Refractories,Medium,30,3200,385255,712,0,495
2026-05-31,2026,5,CON-REF-104,High Alumina Refractory Bricks (70% Al2O3),Steel Melting Shop,Refractories,Medium,30,3200,371107,705,0,448
2026-06-30,2026,6,CON-REF-104,High Alumina Refractory Bricks (70% Al2O3),Steel Melting Shop,Refractories,Medium,30,3200,394476,710,0,370
2026-07-31,2026,7,CON-REF-104,High Alumina Refractory Bricks (70% Al2O3),Steel Melting Shop,Refractories,Medium,30,3200,365279,714,0,394
2026-08-31,2026,8,CON-REF-104,High Alumina Refractory Bricks (70% Al2O3),Steel Melting Shop,Refractories,Medium,30,3200,380513,718,0,377
2016-01-31,2016,1,SP-SMS-106,BOF Oxygen Lance Tip (Forged Copper 5-Hole),Steel Melting Shop,Wear Parts,High,45,92000,379409,701,0,15
2016-02-29,2016,2,SP-SMS-106,BOF Oxygen Lance Tip (Forged Copper 5-Hole),Steel Melting Shop,Wear Parts,High,45,92000,387219,708,0,23
2016-03-31,2016,3,SP-SMS-106,BOF Oxygen Lance Tip (Forged Copper 5-Hole),Steel Melting Shop,Wear Parts,High,45,92000,388074,703,1,21
2016-04-30,2016,4,SP-SMS-106,BOF Oxygen Lance Tip (Forged Copper 5-Hole),Steel Melting Shop,Wear Parts,High,45,92000,387895,711,0,19
2016-05-31,2016,5,SP-SMS-106,BOF Oxygen Lance Tip (Forged Copper 5-Hole),Steel Melting Shop,Wear Parts,High,45,92000,377918,714,0,21
2016-06-30,2016,6,SP-SMS-106,BOF Oxygen Lance Tip (Forged Copper 5-Hole),Steel Melting Shop,Wear Parts,High,45,92000,381491,703,0,20
2016-07-31,2016,7,SP-SMS-106,BOF Oxygen Lance Tip (Forged Copper 5-Hole),Steel Melting Shop,Wear Parts,High,45,92000,373596,704,0,15
2016-08-31,2016,8,SP-SMS-106,BOF Oxygen Lance Tip (Forged Copper 5-Hole),Steel Melting Shop,Wear Parts,High,45,92000,384550,711,0,12
2016-09-30,2016,9,SP-SMS-106,BOF Oxygen Lance Tip (Forged Copper 5-Hole),Steel Melting Shop,Wear Parts,High,45,92000,395853,701,0,16
2016-10-31,2016,10,SP-SMS-106,BOF Oxygen Lance Tip (Forged Copper 5-Hole),Steel Melting Shop,Wear Parts,High,45,92000,368282,705,0,21
2016-11-30,2016,11,SP-SMS-106,BOF Oxygen Lance Tip (Forged Copper 5-Hole),Steel Melting Shop,Wear Parts,High,45,92000,390348,700,1,20
2016-12-31,2016,12,SP-SMS-106,BOF Oxygen Lance Tip (Forged Copper 5-Hole),Steel Melting Shop,Wear Parts,High,45,92000,391135,715,0,21
2017-01-31,2017,1,SP-SMS-106,BOF Oxygen Lance Tip (Forged Copper 5-Hole),Steel Melting Shop,Wear Parts,High,45,92000,398487,713,0,15
2017-02-28,2017,2,SP-SMS-106,BOF Oxygen Lance Tip (Forged Copper 5-Hole),Steel Melting Shop,Wear Parts,High,45,92000,383878,719,0,18
2017-03-31,2017,3,SP-SMS-106,BOF Oxygen Lance Tip (Forged Copper 5-Hole),Steel Melting Shop,Wear Parts,High,45,92000,372239,717,1,23
2017-04-30,2017,4,SP-SMS-106,BOF Oxygen Lance Tip (Forged Copper 5-Hole),Steel Melting Shop,Wear Parts,High,45,92000,377820,704,0,19
2017-05-31,2017,5,SP-SMS-106,BOF Oxygen Lance Tip (Forged Copper 5-Hole),Steel Melting Shop,Wear Parts,High,45,92000,396454,704,0,18
2017-06-30,2017,6,SP-SMS-106,BOF Oxygen Lance Tip (Forged Copper 5-Hole),Steel Melting Shop,Wear Parts,High,45,92000,386378,706,0,20
2017-07-31,2017,7,SP-SMS-106,BOF Oxygen Lance Tip (Forged Copper 5-Hole),Steel Melting Shop,Wear Parts,High,45,92000,369226,719,0,15
2017-08-31,2017,8,SP-SMS-106,BOF Oxygen Lance Tip (Forged Copper 5-Hole),Steel Melting Shop,Wear Parts,High,45,92000,384519,706,0,16
2017-09-30,2017,9,SP-SMS-106,BOF Oxygen Lance Tip (Forged Copper 5-Hole),Steel Melting Shop,Wear Parts,High,45,92000,385586,713,0,20
2017-10-31,2017,10,SP-SMS-106,BOF Oxygen Lance Tip (Forged Copper 5-Hole),Steel Melting Shop,Wear Parts,High,45,92000,379273,702,0,22
2017-11-30,2017,11,SP-SMS-106,BOF Oxygen Lance Tip (Forged Copper 5-Hole),Steel Melting Shop,Wear Parts,High,45,92000,389606,711,1,23
2017-12-31,2017,12,SP-SMS-106,BOF Oxygen Lance Tip (Forged Copper 5-Hole),Steel Melting Shop,Wear Parts,High,45,92000,380214,706,0,15
2018-01-31,2018,1,SP-SMS-106,BOF Oxygen Lance Tip (Forged Copper 5-Hole),Steel Melting Shop,Wear Parts,High,45,92000,394825,714,0,16
2018-02-28,2018,2,SP-SMS-106,BOF Oxygen Lance Tip (Forged Copper 5-Hole),Steel Melting Shop,Wear Parts,High,45,92000,375783,705,0,15
2018-03-31,2018,3,SP-SMS-106,BOF Oxygen Lance Tip (Forged Copper 5-Hole),Steel Melting Shop,Wear Parts,High,45,92000,384496,718,1,19
2018-04-30,2018,4,SP-SMS-106,BOF Oxygen Lance Tip (Forged Copper 5-Hole),Steel Melting Shop,Wear Parts,High,45,92000,390409,717,0,16
2018-05-31,2018,5,SP-SMS-106,BOF Oxygen Lance Tip (Forged Copper 5-Hole),Steel Melting Shop,Wear Parts,High,45,92000,377071,719,0,19
2018-06-30,2018,6,SP-SMS-106,BOF Oxygen Lance Tip (Forged Copper 5-Hole),Steel Melting Shop,Wear Parts,High,45,92000,367792,701,0,15
2018-07-31,2018,7,SP-SMS-106,BOF Oxygen Lance Tip (Forged Copper 5-Hole),Steel Melting Shop,Wear Parts,High,45,92000,371905,704,0,16
2018-08-31,2018,8,SP-SMS-106,BOF Oxygen Lance Tip (Forged Copper 5-Hole),Steel Melting Shop,Wear Parts,High,45,92000,387622,717,0,14
2018-09-30,2018,9,SP-SMS-106,BOF Oxygen Lance Tip (Forged Copper 5-Hole),Steel Melting Shop,Wear Parts,High,45,92000,385976,717,0,17
2018-10-31,2018,10,SP-SMS-106,BOF Oxygen Lance Tip (Forged Copper 5-Hole),Steel Melting Shop,Wear Parts,High,45,92000,375278,713,0,21
2018-11-30,2018,11,SP-SMS-106,BOF Oxygen Lance Tip (Forged Copper 5-Hole),Steel Melting Shop,Wear Parts,High,45,92000,380948,706,1,21
2018-12-31,2018,12,SP-SMS-106,BOF Oxygen Lance Tip (Forged Copper 5-Hole),Steel Melting Shop,Wear Parts,High,45,92000,397388,710,0,18
2019-01-31,2019,1,SP-SMS-106,BOF Oxygen Lance Tip (Forged Copper 5-Hole),Steel Melting Shop,Wear Parts,High,45,92000,374327,716,0,15
2019-02-28,2019,2,SP-SMS-106,BOF Oxygen Lance Tip (Forged Copper 5-Hole),Steel Melting Shop,Wear Parts,High,45,92000,375986,713,0,17
2019-03-31,2019,3,SP-SMS-106,BOF Oxygen Lance Tip (Forged Copper 5-Hole),Steel Melting Shop,Wear Parts,High,45,92000,382160,718,1,20
2019-04-30,2019,4,SP-SMS-106,BOF Oxygen Lance Tip (Forged Copper 5-Hole),Steel Melting Shop,Wear Parts,High,45,92000,382773,702,0,15
2019-05-31,2019,5,SP-SMS-106,BOF Oxygen Lance Tip (Forged Copper 5-Hole),Steel Melting Shop,Wear Parts,High,45,92000,384299,713,0,18
2019-06-30,2019,6,SP-SMS-106,BOF Oxygen Lance Tip (Forged Copper 5-Hole),Steel Melting Shop,Wear Parts,High,45,92000,380882,703,0,15
2019-07-31,2019,7,SP-SMS-106,BOF Oxygen Lance Tip (Forged Copper 5-Hole),Steel Melting Shop,Wear Parts,High,45,92000,377436,709,0,14
2019-08-31,2019,8,SP-SMS-106,BOF Oxygen Lance Tip (Forged Copper 5-Hole),Steel Melting Shop,Wear Parts,High,45,92000,374394,703,0,16
2019-09-30,2019,9,SP-SMS-106,BOF Oxygen Lance Tip (Forged Copper 5-Hole),Steel Melting Shop,Wear Parts,High,45,92000,378194,703,0,19
2019-10-31,2019,10,SP-SMS-106,BOF Oxygen Lance Tip (Forged Copper 5-Hole),Steel Melting Shop,Wear Parts,High,45,92000,377565,712,0,22
2019-11-30,2019,11,SP-SMS-106,BOF Oxygen Lance Tip (Forged Copper 5-Hole),Steel Melting Shop,Wear Parts,High,45,92000,386064,716,1,18
2019-12-31,2019,12,SP-SMS-106,BOF Oxygen Lance Tip (Forged Copper 5-Hole),Steel Melting Shop,Wear Parts,High,45,92000,372655,716,0,17
2020-01-31,2020,1,SP-SMS-106,BOF Oxygen Lance Tip (Forged Copper 5-Hole),Steel Melting Shop,Wear Parts,High,45,92000,387415,707,0,19
2020-02-29,2020,2,SP-SMS-106,BOF Oxygen Lance Tip (Forged Copper 5-Hole),Steel Melting Shop,Wear Parts,High,45,92000,380962,702,0,18
2020-03-31,2020,3,SP-SMS-106,BOF Oxygen Lance Tip (Forged Copper 5-Hole),Steel Melting Shop,Wear Parts,High,45,92000,385268,700,1,19
2020-04-30,2020,4,SP-SMS-106,BOF Oxygen Lance Tip (Forged Copper 5-Hole),Steel Melting Shop,Wear Parts,High,45,92000,378788,712,0,17
2020-05-31,2020,5,SP-SMS-106,BOF Oxygen Lance Tip (Forged Copper 5-Hole),Steel Melting Shop,Wear Parts,High,45,92000,371340,718,0,15
2020-06-30,2020,6,SP-SMS-106,BOF Oxygen Lance Tip (Forged Copper 5-Hole),Steel Melting Shop,Wear Parts,High,45,92000,385745,707,0,15
2020-07-31,2020,7,SP-SMS-106,BOF Oxygen Lance Tip (Forged Copper 5-Hole),Steel Melting Shop,Wear Parts,High,45,92000,381434,707,0,15
2020-08-31,2020,8,SP-SMS-106,BOF Oxygen Lance Tip (Forged Copper 5-Hole),Steel Melting Shop,Wear Parts,High,45,92000,367936,710,0,12
2020-09-30,2020,9,SP-SMS-106,BOF Oxygen Lance Tip (Forged Copper 5-Hole),Steel Melting Shop,Wear Parts,High,45,92000,385867,710,0,17
2020-10-31,2020,10,SP-SMS-106,BOF Oxygen Lance Tip (Forged Copper 5-Hole),Steel Melting Shop,Wear Parts,High,45,92000,369672,719,0,20
2020-11-30,2020,11,SP-SMS-106,BOF Oxygen Lance Tip (Forged Copper 5-Hole),Steel Melting Shop,Wear Parts,High,45,92000,376874,713,1,19
2020-12-31,2020,12,SP-SMS-106,BOF Oxygen Lance Tip (Forged Copper 5-Hole),Steel Melting Shop,Wear Parts,High,45,92000,366542,708,0,21
2021-01-31,2021,1,SP-SMS-106,BOF Oxygen Lance Tip (Forged Copper 5-Hole),Steel Melting Shop,Wear Parts,High,45,92000,373984,716,0,19
2021-02-28,2021,2,SP-SMS-106,BOF Oxygen Lance Tip (Forged Copper 5-Hole),Steel Melting Shop,Wear Parts,High,45,92000,371121,709,0,21
2021-03-31,2021,3,SP-SMS-106,BOF Oxygen Lance Tip (Forged Copper 5-Hole),Steel Melting Shop,Wear Parts,High,45,92000,385333,710,1,18
2021-04-30,2021,4,SP-SMS-106,BOF Oxygen Lance Tip (Forged Copper 5-Hole),Steel Melting Shop,Wear Parts,High,45,92000,385628,719,0,14
2021-05-31,2021,5,SP-SMS-106,BOF Oxygen Lance Tip (Forged Copper 5-Hole),Steel Melting Shop,Wear Parts,High,45,92000,384835,706,0,17
2021-06-30,2021,6,SP-SMS-106,BOF Oxygen Lance Tip (Forged Copper 5-Hole),Steel Melting Shop,Wear Parts,High,45,92000,367949,700,0,16
2021-07-31,2021,7,SP-SMS-106,BOF Oxygen Lance Tip (Forged Copper 5-Hole),Steel Melting Shop,Wear Parts,High,45,92000,373274,702,0,16
2021-08-31,2021,8,SP-SMS-106,BOF Oxygen Lance Tip (Forged Copper 5-Hole),Steel Melting Shop,Wear Parts,High,45,92000,379899,718,0,15
2021-09-30,2021,9,SP-SMS-106,BOF Oxygen Lance Tip (Forged Copper 5-Hole),Steel Melting Shop,Wear Parts,High,45,92000,371123,710,0,17
2021-10-31,2021,10,SP-SMS-106,BOF Oxygen Lance Tip (Forged Copper 5-Hole),Steel Melting Shop,Wear Parts,High,45,92000,369295,712,0,17
2021-11-30,2021,11,SP-SMS-106,BOF Oxygen Lance Tip (Forged Copper 5-Hole),Steel Melting Shop,Wear Parts,High,45,92000,374261,700,1,21
2021-12-31,2021,12,SP-SMS-106,BOF Oxygen Lance Tip (Forged Copper 5-Hole),Steel Melting Shop,Wear Parts,High,45,92000,377937,716,0,16
2022-01-31,2022,1,SP-SMS-106,BOF Oxygen Lance Tip (Forged Copper 5-Hole),Steel Melting Shop,Wear Parts,High,45,92000,371742,713,0,12
2022-02-28,2022,2,SP-SMS-106,BOF Oxygen Lance Tip (Forged Copper 5-Hole),Steel Melting Shop,Wear Parts,High,45,92000,384760,717,0,16
2022-03-31,2022,3,SP-SMS-106,BOF Oxygen Lance Tip (Forged Copper 5-Hole),Steel Melting Shop,Wear Parts,High,45,92000,378637,709,1,18
2022-04-30,2022,4,SP-SMS-106,BOF Oxygen Lance Tip (Forged Copper 5-Hole),Steel Melting Shop,Wear Parts,High,45,92000,378430,719,0,12
2022-05-31,2022,5,SP-SMS-106,BOF Oxygen Lance Tip (Forged Copper 5-Hole),Steel Melting Shop,Wear Parts,High,45,92000,369729,700,0,19
2022-06-30,2022,6,SP-SMS-106,BOF Oxygen Lance Tip (Forged Copper 5-Hole),Steel Melting Shop,Wear Parts,High,45,92000,366559,716,0,15
2022-07-31,2022,7,SP-SMS-106,BOF Oxygen Lance Tip (Forged Copper 5-Hole),Steel Melting Shop,Wear Parts,High,45,92000,383789,700,0,13
2022-08-31,2022,8,SP-SMS-106,BOF Oxygen Lance Tip (Forged Copper 5-Hole),Steel Melting Shop,Wear Parts,High,45,92000,369101,704,0,12
2022-09-30,2022,9,SP-SMS-106,BOF Oxygen Lance Tip (Forged Copper 5-Hole),Steel Melting Shop,Wear Parts,High,45,92000,364071,708,0,17
2022-10-31,2022,10,SP-SMS-106,BOF Oxygen Lance Tip (Forged Copper 5-Hole),Steel Melting Shop,Wear Parts,High,45,92000,383207,718,0,18
2022-11-30,2022,11,SP-SMS-106,BOF Oxygen Lance Tip (Forged Copper 5-Hole),Steel Melting Shop,Wear Parts,High,45,92000,361906,702,1,18
2022-12-31,2022,12,SP-SMS-106,BOF Oxygen Lance Tip (Forged Copper 5-Hole),Steel Melting Shop,Wear Parts,High,45,92000,369154,706,0,14
2023-01-31,2023,1,SP-SMS-106,BOF Oxygen Lance Tip (Forged Copper 5-Hole),Steel Melting Shop,Wear Parts,High,45,92000,379922,702,0,15
2023-02-28,2023,2,SP-SMS-106,BOF Oxygen Lance Tip (Forged Copper 5-Hole),Steel Melting Shop,Wear Parts,High,45,92000,370297,701,0,17
2023-03-31,2023,3,SP-SMS-106,BOF Oxygen Lance Tip (Forged Copper 5-Hole),Steel Melting Shop,Wear Parts,High,45,92000,377911,701,1,21
2023-04-30,2023,4,SP-SMS-106,BOF Oxygen Lance Tip (Forged Copper 5-Hole),Steel Melting Shop,Wear Parts,High,45,92000,375184,717,0,16
2023-05-31,2023,5,SP-SMS-106,BOF Oxygen Lance Tip (Forged Copper 5-Hole),Steel Melting Shop,Wear Parts,High,45,92000,376681,715,0,15
2023-06-30,2023,6,SP-SMS-106,BOF Oxygen Lance Tip (Forged Copper 5-Hole),Steel Melting Shop,Wear Parts,High,45,92000,372087,705,0,14
2023-07-31,2023,7,SP-SMS-106,BOF Oxygen Lance Tip (Forged Copper 5-Hole),Steel Melting Shop,Wear Parts,High,45,92000,366766,710,0,11
2023-08-31,2023,8,SP-SMS-106,BOF Oxygen Lance Tip (Forged Copper 5-Hole),Steel Melting Shop,Wear Parts,High,45,92000,380091,703,0,12
2023-09-30,2023,9,SP-SMS-106,BOF Oxygen Lance Tip (Forged Copper 5-Hole),Steel Melting Shop,Wear Parts,High,45,92000,376872,715,0,12
2023-10-31,2023,10,SP-SMS-106,BOF Oxygen Lance Tip (Forged Copper 5-Hole),Steel Melting Shop,Wear Parts,High,45,92000,382237,703,0,21
2023-11-30,2023,11,SP-SMS-106,BOF Oxygen Lance Tip (Forged Copper 5-Hole),Steel Melting Shop,Wear Parts,High,45,92000,370544,707,1,19
2023-12-31,2023,12,SP-SMS-106,BOF Oxygen Lance Tip (Forged Copper 5-Hole),Steel Melting Shop,Wear Parts,High,45,92000,373050,705,0,16
2024-01-31,2024,1,SP-SMS-106,BOF Oxygen Lance Tip (Forged Copper 5-Hole),Steel Melting Shop,Wear Parts,High,45,92000,373595,703,0,15
2024-02-29,2024,2,SP-SMS-106,BOF Oxygen Lance Tip (Forged Copper 5-Hole),Steel Melting Shop,Wear Parts,High,45,92000,380183,702,0,15
2024-03-31,2024,3,SP-SMS-106,BOF Oxygen Lance Tip (Forged Copper 5-Hole),Steel Melting Shop,Wear Parts,High,45,92000,373476,719,1,19
2024-04-30,2024,4,SP-SMS-106,BOF Oxygen Lance Tip (Forged Copper 5-Hole),Steel Melting Shop,Wear Parts,High,45,92000,385491,706,0,15
2024-05-31,2024,5,SP-SMS-106,BOF Oxygen Lance Tip (Forged Copper 5-Hole),Steel Melting Shop,Wear Parts,High,45,92000,368036,702,0,17
2024-06-30,2024,6,SP-SMS-106,BOF Oxygen Lance Tip (Forged Copper 5-Hole),Steel Melting Shop,Wear Parts,High,45,92000,378233,716,0,18
2024-07-31,2024,7,SP-SMS-106,BOF Oxygen Lance Tip (Forged Copper 5-Hole),Steel Melting Shop,Wear Parts,High,45,92000,374859,706,0,13
2024-08-31,2024,8,SP-SMS-106,BOF Oxygen Lance Tip (Forged Copper 5-Hole),Steel Melting Shop,Wear Parts,High,45,92000,366454,702,0,17
2024-09-30,2024,9,SP-SMS-106,BOF Oxygen Lance Tip (Forged Copper 5-Hole),Steel Melting Shop,Wear Parts,High,45,92000,384951,707,0,17
2024-10-31,2024,10,SP-SMS-106,BOF Oxygen Lance Tip (Forged Copper 5-Hole),Steel Melting Shop,Wear Parts,High,45,92000,374329,704,0,17
2024-11-30,2024,11,SP-SMS-106,BOF Oxygen Lance Tip (Forged Copper 5-Hole),Steel Melting Shop,Wear Parts,High,45,92000,383138,712,1,15
2024-12-31,2024,12,SP-SMS-106,BOF Oxygen Lance Tip (Forged Copper 5-Hole),Steel Melting Shop,Wear Parts,High,45,92000,369374,716,0,19
2025-01-31,2025,1,SP-SMS-106,BOF Oxygen Lance Tip (Forged Copper 5-Hole),Steel Melting Shop,Wear Parts,High,45,92000,375864,716,0,13
2025-02-28,2025,2,SP-SMS-106,BOF Oxygen Lance Tip (Forged Copper 5-Hole),Steel Melting Shop,Wear Parts,High,45,92000,374585,713,0,18
2025-03-31,2025,3,SP-SMS-106,BOF Oxygen Lance Tip (Forged Copper 5-Hole),Steel Melting Shop,Wear Parts,High,45,92000,374316,712,1,18
2025-04-30,2025,4,SP-SMS-106,BOF Oxygen Lance Tip (Forged Copper 5-Hole),Steel Melting Shop,Wear Parts,High,45,92000,372601,701,0,13
2025-05-31,2025,5,SP-SMS-106,BOF Oxygen Lance Tip (Forged Copper 5-Hole),Steel Melting Shop,Wear Parts,High,45,92000,373695,701,0,14
2025-06-30,2025,6,SP-SMS-106,BOF Oxygen Lance Tip (Forged Copper 5-Hole),Steel Melting Shop,Wear Parts,High,45,92000,369317,706,0,16
2025-07-31,2025,7,SP-SMS-106,BOF Oxygen Lance Tip (Forged Copper 5-Hole),Steel Melting Shop,Wear Parts,High,45,92000,379237,717,0,18
2025-08-31,2025,8,SP-SMS-106,BOF Oxygen Lance Tip (Forged Copper 5-Hole),Steel Melting Shop,Wear Parts,High,45,92000,388044,703,0,19
2025-09-30,2025,9,SP-SMS-106,BOF Oxygen Lance Tip (Forged Copper 5-Hole),Steel Melting Shop,Wear Parts,High,45,92000,369057,715,0,13
2025-10-31,2025,10,SP-SMS-106,BOF Oxygen Lance Tip (Forged Copper 5-Hole),Steel Melting Shop,Wear Parts,High,45,92000,379681,714,0,18
2025-11-30,2025,11,SP-SMS-106,BOF Oxygen Lance Tip (Forged Copper 5-Hole),Steel Melting Shop,Wear Parts,High,45,92000,383767,700,1,19
2025-12-31,2025,12,SP-SMS-106,BOF Oxygen Lance Tip (Forged Copper 5-Hole),Steel Melting Shop,Wear Parts,High,45,92000,375215,704,0,13
2026-01-31,2026,1,SP-SMS-106,BOF Oxygen Lance Tip (Forged Copper 5-Hole),Steel Melting Shop,Wear Parts,High,45,92000,382413,708,0,18
2026-02-28,2026,2,SP-SMS-106,BOF Oxygen Lance Tip (Forged Copper 5-Hole),Steel Melting Shop,Wear Parts,High,45,92000,382379,708,0,18
2026-03-31,2026,3,SP-SMS-106,BOF Oxygen Lance Tip (Forged Copper 5-Hole),Steel Melting Shop,Wear Parts,High,45,92000,362430,718,1,20
2026-04-30,2026,4,SP-SMS-106,BOF Oxygen Lance Tip (Forged Copper 5-Hole),Steel Melting Shop,Wear Parts,High,45,92000,392106,716,0,19
2026-05-31,2026,5,SP-SMS-106,BOF Oxygen Lance Tip (Forged Copper 5-Hole),Steel Melting Shop,Wear Parts,High,45,92000,373600,716,0,14
2026-06-30,2026,6,SP-SMS-106,BOF Oxygen Lance Tip (Forged Copper 5-Hole),Steel Melting Shop,Wear Parts,High,45,92000,389549,718,0,17
2026-07-31,2026,7,SP-SMS-106,BOF Oxygen Lance Tip (Forged Copper 5-Hole),Steel Melting Shop,Wear Parts,High,45,92000,391147,716,0,17
2026-08-31,2026,8,SP-SMS-106,BOF Oxygen Lance Tip (Forged Copper 5-Hole),Steel Melting Shop,Wear Parts,High,45,92000,377338,701,0,18
2016-01-31,2016,1,CON-SMS-108,Ultra-High Power Graphite Electrodes 600mm,Steel Melting Shop,Consumables,Critical,60,280000,393821,709,0,36
2016-02-29,2016,2,CON-SMS-108,Ultra-High Power Graphite Electrodes 600mm,Steel Melting Shop,Consumables,Critical,60,280000,374324,712,0,47
2016-03-31,2016,3,CON-SMS-108,Ultra-High Power Graphite Electrodes 600mm,Steel Melting Shop,Consumables,Critical,60,280000,385062,710,1,43
2016-04-30,2016,4,CON-SMS-108,Ultra-High Power Graphite Electrodes 600mm,Steel Melting Shop,Consumables,Critical,60,280000,375032,714,0,36
2016-05-31,2016,5,CON-SMS-108,Ultra-High Power Graphite Electrodes 600mm,Steel Melting Shop,Consumables,Critical,60,280000,368202,719,0,40
2016-06-30,2016,6,CON-SMS-108,Ultra-High Power Graphite Electrodes 600mm,Steel Melting Shop,Consumables,Critical,60,280000,373174,717,0,28
2016-07-31,2016,7,CON-SMS-108,Ultra-High Power Graphite Electrodes 600mm,Steel Melting Shop,Consumables,Critical,60,280000,395329,705,0,37
2016-08-31,2016,8,CON-SMS-108,Ultra-High Power Graphite Electrodes 600mm,Steel Melting Shop,Consumables,Critical,60,280000,371947,704,0,35
2016-09-30,2016,9,CON-SMS-108,Ultra-High Power Graphite Electrodes 600mm,Steel Melting Shop,Consumables,Critical,60,280000,388090,711,0,43
2016-10-31,2016,10,CON-SMS-108,Ultra-High Power Graphite Electrodes 600mm,Steel Melting Shop,Consumables,Critical,60,280000,384156,712,0,43
2016-11-30,2016,11,CON-SMS-108,Ultra-High Power Graphite Electrodes 600mm,Steel Melting Shop,Consumables,Critical,60,280000,387501,719,1,50
2016-12-31,2016,12,CON-SMS-108,Ultra-High Power Graphite Electrodes 600mm,Steel Melting Shop,Consumables,Critical,60,280000,365279,712,0,45
2017-01-31,2017,1,CON-SMS-108,Ultra-High Power Graphite Electrodes 600mm,Steel Melting Shop,Consumables,Critical,60,280000,377237,716,0,36
2017-02-28,2017,2,CON-SMS-108,Ultra-High Power Graphite Electrodes 600mm,Steel Melting Shop,Consumables,Critical,60,280000,366855,709,0,47
2017-03-31,2017,3,CON-SMS-108,Ultra-High Power Graphite Electrodes 600mm,Steel Melting Shop,Consumables,Critical,60,280000,376734,717,1,50
2017-04-30,2017,4,CON-SMS-108,Ultra-High Power Graphite Electrodes 600mm,Steel Melting Shop,Consumables,Critical,60,280000,380813,716,0,39
2017-05-31,2017,5,CON-SMS-108,Ultra-High Power Graphite Electrodes 600mm,Steel Melting Shop,Consumables,Critical,60,280000,377793,703,0,34
2017-06-30,2017,6,CON-SMS-108,Ultra-High Power Graphite Electrodes 600mm,Steel Melting Shop,Consumables,Critical,60,280000,382555,712,0,49
2017-07-31,2017,7,CON-SMS-108,Ultra-High Power Graphite Electrodes 600mm,Steel Melting Shop,Consumables,Critical,60,280000,375385,700,0,32
2017-08-31,2017,8,CON-SMS-108,Ultra-High Power Graphite Electrodes 600mm,Steel Melting Shop,Consumables,Critical,60,280000,385083,717,0,26
2017-09-30,2017,9,CON-SMS-108,Ultra-High Power Graphite Electrodes 600mm,Steel Melting Shop,Consumables,Critical,60,280000,374176,719,0,49
2017-10-31,2017,10,CON-SMS-108,Ultra-High Power Graphite Electrodes 600mm,Steel Melting Shop,Consumables,Critical,60,280000,382705,710,0,47
2017-11-30,2017,11,CON-SMS-108,Ultra-High Power Graphite Electrodes 600mm,Steel Melting Shop,Consumables,Critical,60,280000,375164,706,1,48
2017-12-31,2017,12,CON-SMS-108,Ultra-High Power Graphite Electrodes 600mm,Steel Melting Shop,Consumables,Critical,60,280000,399940,712,0,46
2018-01-31,2018,1,CON-SMS-108,Ultra-High Power Graphite Electrodes 600mm,Steel Melting Shop,Consumables,Critical,60,280000,376610,712,0,34
2018-02-28,2018,2,CON-SMS-108,Ultra-High Power Graphite Electrodes 600mm,Steel Melting Shop,Consumables,Critical,60,280000,380374,711,0,40
2018-03-31,2018,3,CON-SMS-108,Ultra-High Power Graphite Electrodes 600mm,Steel Melting Shop,Consumables,Critical,60,280000,384271,712,1,41
2018-04-30,2018,4,CON-SMS-108,Ultra-High Power Graphite Electrodes 600mm,Steel Melting Shop,Consumables,Critical,60,280000,377783,710,0,52
2018-05-31,2018,5,CON-SMS-108,Ultra-High Power Graphite Electrodes 600mm,Steel Melting Shop,Consumables,Critical,60,280000,381690,703,0,30
2018-06-30,2018,6,CON-SMS-108,Ultra-High Power Graphite Electrodes 600mm,Steel Melting Shop,Consumables,Critical,60,280000,375620,701,0,42
2018-07-31,2018,7,CON-SMS-108,Ultra-High Power Graphite Electrodes 600mm,Steel Melting Shop,Consumables,Critical,60,280000,395029,708,0,31
2018-08-31,2018,8,CON-SMS-108,Ultra-High Power Graphite Electrodes 600mm,Steel Melting Shop,Consumables,Critical,60,280000,383283,706,0,27
2018-09-30,2018,9,CON-SMS-108,Ultra-High Power Graphite Electrodes 600mm,Steel Melting Shop,Consumables,Critical,60,280000,363372,714,0,40
2018-10-31,2018,10,CON-SMS-108,Ultra-High Power Graphite Electrodes 600mm,Steel Melting Shop,Consumables,Critical,60,280000,379527,706,0,43
2018-11-30,2018,11,CON-SMS-108,Ultra-High Power Graphite Electrodes 600mm,Steel Melting Shop,Consumables,Critical,60,280000,392806,709,1,47
2018-12-31,2018,12,CON-SMS-108,Ultra-High Power Graphite Electrodes 600mm,Steel Melting Shop,Consumables,Critical,60,280000,398738,704,0,41
2019-01-31,2019,1,CON-SMS-108,Ultra-High Power Graphite Electrodes 600mm,Steel Melting Shop,Consumables,Critical,60,280000,357503,701,0,33
2019-02-28,2019,2,CON-SMS-108,Ultra-High Power Graphite Electrodes 600mm,Steel Melting Shop,Consumables,Critical,60,280000,371780,710,0,33
2019-03-31,2019,3,CON-SMS-108,Ultra-High Power Graphite Electrodes 600mm,Steel Melting Shop,Consumables,Critical,60,280000,369842,700,1,42
2019-04-30,2019,4,CON-SMS-108,Ultra-High Power Graphite Electrodes 600mm,Steel Melting Shop,Consumables,Critical,60,280000,385362,705,0,35
2019-05-31,2019,5,CON-SMS-108,Ultra-High Power Graphite Electrodes 600mm,Steel Melting Shop,Consumables,Critical,60,280000,373196,708,0,35
2019-06-30,2019,6,CON-SMS-108,Ultra-High Power Graphite Electrodes 600mm,Steel Melting Shop,Consumables,Critical,60,280000,389000,706,0,45
2019-07-31,2019,7,CON-SMS-108,Ultra-High Power Graphite Electrodes 600mm,Steel Melting Shop,Consumables,Critical,60,280000,372041,707,0,30
2019-08-31,2019,8,CON-SMS-108,Ultra-High Power Graphite Electrodes 600mm,Steel Melting Shop,Consumables,Critical,60,280000,378471,719,0,30
2019-09-30,2019,9,CON-SMS-108,Ultra-High Power Graphite Electrodes 600mm,Steel Melting Shop,Consumables,Critical,60,280000,388383,705,0,40
2019-10-31,2019,10,CON-SMS-108,Ultra-High Power Graphite Electrodes 600mm,Steel Melting Shop,Consumables,Critical,60,280000,371682,709,0,52
2019-11-30,2019,11,CON-SMS-108,Ultra-High Power Graphite Electrodes 600mm,Steel Melting Shop,Consumables,Critical,60,280000,371103,706,1,46
2019-12-31,2019,12,CON-SMS-108,Ultra-High Power Graphite Electrodes 600mm,Steel Melting Shop,Consumables,Critical,60,280000,383181,712,0,36
2020-01-31,2020,1,CON-SMS-108,Ultra-High Power Graphite Electrodes 600mm,Steel Melting Shop,Consumables,Critical,60,280000,366071,706,0,39
2020-02-29,2020,2,CON-SMS-108,Ultra-High Power Graphite Electrodes 600mm,Steel Melting Shop,Consumables,Critical,60,280000,379691,710,0,43
2020-03-31,2020,3,CON-SMS-108,Ultra-High Power Graphite Electrodes 600mm,Steel Melting Shop,Consumables,Critical,60,280000,377455,712,1,45
2020-04-30,2020,4,CON-SMS-108,Ultra-High Power Graphite Electrodes 600mm,Steel Melting Shop,Consumables,Critical,60,280000,380013,718,0,35
2020-05-31,2020,5,CON-SMS-108,Ultra-High Power Graphite Electrodes 600mm,Steel Melting Shop,Consumables,Critical,60,280000,370561,711,0,39
2020-06-30,2020,6,CON-SMS-108,Ultra-High Power Graphite Electrodes 600mm,Steel Melting Shop,Consumables,Critical,60,280000,374466,717,0,45
2020-07-31,2020,7,CON-SMS-108,Ultra-High Power Graphite Electrodes 600mm,Steel Melting Shop,Consumables,Critical,60,280000,383888,712,0,34
2020-08-31,2020,8,CON-SMS-108,Ultra-High Power Graphite Electrodes 600mm,Steel Melting Shop,Consumables,Critical,60,280000,375257,704,0,29
2020-09-30,2020,9,CON-SMS-108,Ultra-High Power Graphite Electrodes 600mm,Steel Melting Shop,Consumables,Critical,60,280000,379666,713,0,39
2020-10-31,2020,10,CON-SMS-108,Ultra-High Power Graphite Electrodes 600mm,Steel Melting Shop,Consumables,Critical,60,280000,371355,715,0,41
2020-11-30,2020,11,CON-SMS-108,Ultra-High Power Graphite Electrodes 600mm,Steel Melting Shop,Consumables,Critical,60,280000,366661,712,1,43
2020-12-31,2020,12,CON-SMS-108,Ultra-High Power Graphite Electrodes 600mm,Steel Melting Shop,Consumables,Critical,60,280000,377540,709,0,36
2021-01-31,2021,1,CON-SMS-108,Ultra-High Power Graphite Electrodes 600mm,Steel Melting Shop,Consumables,Critical,60,280000,375776,704,0,37
2021-02-28,2021,2,CON-SMS-108,Ultra-High Power Graphite Electrodes 600mm,Steel Melting Shop,Consumables,Critical,60,280000,375630,711,0,45
2021-03-31,2021,3,CON-SMS-108,Ultra-High Power Graphite Electrodes 600mm,Steel Melting Shop,Consumables,Critical,60,280000,388807,717,1,43
2021-04-30,2021,4,CON-SMS-108,Ultra-High Power Graphite Electrodes 600mm,Steel Melting Shop,Consumables,Critical,60,280000,379365,718,0,34
2021-05-31,2021,5,CON-SMS-108,Ultra-High Power Graphite Electrodes 600mm,Steel Melting Shop,Consumables,Critical,60,280000,387491,702,0,36
2021-06-30,2021,6,CON-SMS-108,Ultra-High Power Graphite Electrodes 600mm,Steel Melting Shop,Consumables,Critical,60,280000,380034,707,0,40
2021-07-31,2021,7,CON-SMS-108,Ultra-High Power Graphite Electrodes 600mm,Steel Melting Shop,Consumables,Critical,60,280000,377883,706,0,35
2021-08-31,2021,8,CON-SMS-108,Ultra-High Power Graphite Electrodes 600mm,Steel Melting Shop,Consumables,Critical,60,280000,386557,718,0,37
2021-09-30,2021,9,CON-SMS-108,Ultra-High Power Graphite Electrodes 600mm,Steel Melting Shop,Consumables,Critical,60,280000,383320,714,0,36
2021-10-31,2021,10,CON-SMS-108,Ultra-High Power Graphite Electrodes 600mm,Steel Melting Shop,Consumables,Critical,60,280000,377515,705,0,41
2021-11-30,2021,11,CON-SMS-108,Ultra-High Power Graphite Electrodes 600mm,Steel Melting Shop,Consumables,Critical,60,280000,389113,719,1,48
2021-12-31,2021,12,CON-SMS-108,Ultra-High Power Graphite Electrodes 600mm,Steel Melting Shop,Consumables,Critical,60,280000,388048,708,0,36
2022-01-31,2022,1,CON-SMS-108,Ultra-High Power Graphite Electrodes 600mm,Steel Melting Shop,Consumables,Critical,60,280000,375240,718,0,37
2022-02-28,2022,2,CON-SMS-108,Ultra-High Power Graphite Electrodes 600mm,Steel Melting Shop,Consumables,Critical,60,280000,371856,715,0,30
2022-03-31,2022,3,CON-SMS-108,Ultra-High Power Graphite Electrodes 600mm,Steel Melting Shop,Consumables,Critical,60,280000,387749,708,1,34
2022-04-30,2022,4,CON-SMS-108,Ultra-High Power Graphite Electrodes 600mm,Steel Melting Shop,Consumables,Critical,60,280000,370688,701,0,39
2022-05-31,2022,5,CON-SMS-108,Ultra-High Power Graphite Electrodes 600mm,Steel Melting Shop,Consumables,Critical,60,280000,374939,703,0,26
2022-06-30,2022,6,CON-SMS-108,Ultra-High Power Graphite Electrodes 600mm,Steel Melting Shop,Consumables,Critical,60,280000,368429,701,0,27
2022-07-31,2022,7,CON-SMS-108,Ultra-High Power Graphite Electrodes 600mm,Steel Melting Shop,Consumables,Critical,60,280000,383476,703,0,32
2022-08-31,2022,8,CON-SMS-108,Ultra-High Power Graphite Electrodes 600mm,Steel Melting Shop,Consumables,Critical,60,280000,388642,708,0,36
2022-09-30,2022,9,CON-SMS-108,Ultra-High Power Graphite Electrodes 600mm,Steel Melting Shop,Consumables,Critical,60,280000,371437,710,0,44
2022-10-31,2022,10,CON-SMS-108,Ultra-High Power Graphite Electrodes 600mm,Steel Melting Shop,Consumables,Critical,60,280000,374661,707,0,41
2022-11-30,2022,11,CON-SMS-108,Ultra-High Power Graphite Electrodes 600mm,Steel Melting Shop,Consumables,Critical,60,280000,376267,710,1,43
2022-12-31,2022,12,CON-SMS-108,Ultra-High Power Graphite Electrodes 600mm,Steel Melting Shop,Consumables,Critical,60,280000,378487,711,0,38
2023-01-31,2023,1,CON-SMS-108,Ultra-High Power Graphite Electrodes 600mm,Steel Melting Shop,Consumables,Critical,60,280000,379333,709,0,37
2023-02-28,2023,2,CON-SMS-108,Ultra-High Power Graphite Electrodes 600mm,Steel Melting Shop,Consumables,Critical,60,280000,359888,719,0,33
2023-03-31,2023,3,CON-SMS-108,Ultra-High Power Graphite Electrodes 600mm,Steel Melting Shop,Consumables,Critical,60,280000,372970,717,1,42
2023-04-30,2023,4,CON-SMS-108,Ultra-High Power Graphite Electrodes 600mm,Steel Melting Shop,Consumables,Critical,60,280000,371188,710,0,35
2023-05-31,2023,5,CON-SMS-108,Ultra-High Power Graphite Electrodes 600mm,Steel Melting Shop,Consumables,Critical,60,280000,383656,704,0,34
2023-06-30,2023,6,CON-SMS-108,Ultra-High Power Graphite Electrodes 600mm,Steel Melting Shop,Consumables,Critical,60,280000,378209,701,0,42
2023-07-31,2023,7,CON-SMS-108,Ultra-High Power Graphite Electrodes 600mm,Steel Melting Shop,Consumables,Critical,60,280000,376716,705,0,34
2023-08-31,2023,8,CON-SMS-108,Ultra-High Power Graphite Electrodes 600mm,Steel Melting Shop,Consumables,Critical,60,280000,384763,706,0,31
2023-09-30,2023,9,CON-SMS-108,Ultra-High Power Graphite Electrodes 600mm,Steel Melting Shop,Consumables,Critical,60,280000,374514,705,0,34
2023-10-31,2023,10,CON-SMS-108,Ultra-High Power Graphite Electrodes 600mm,Steel Melting Shop,Consumables,Critical,60,280000,375540,704,0,48
2023-11-30,2023,11,CON-SMS-108,Ultra-High Power Graphite Electrodes 600mm,Steel Melting Shop,Consumables,Critical,60,280000,373187,718,1,36
2023-12-31,2023,12,CON-SMS-108,Ultra-High Power Graphite Electrodes 600mm,Steel Melting Shop,Consumables,Critical,60,280000,367188,717,0,35
2024-01-31,2024,1,CON-SMS-108,Ultra-High Power Graphite Electrodes 600mm,Steel Melting Shop,Consumables,Critical,60,280000,388986,719,0,33
2024-02-29,2024,2,CON-SMS-108,Ultra-High Power Graphite Electrodes 600mm,Steel Melting Shop,Consumables,Critical,60,280000,369466,703,0,40
2024-03-31,2024,3,CON-SMS-108,Ultra-High Power Graphite Electrodes 600mm,Steel Melting Shop,Consumables,Critical,60,280000,372923,709,1,42
2024-04-30,2024,4,CON-SMS-108,Ultra-High Power Graphite Electrodes 600mm,Steel Melting Shop,Consumables,Critical,60,280000,367107,700,0,44
2024-05-31,2024,5,CON-SMS-108,Ultra-High Power Graphite Electrodes 600mm,Steel Melting Shop,Consumables,Critical,60,280000,379052,708,0,36
2024-06-30,2024,6,CON-SMS-108,Ultra-High Power Graphite Electrodes 600mm,Steel Melting Shop,Consumables,Critical,60,280000,364308,707,0,48
2024-07-31,2024,7,CON-SMS-108,Ultra-High Power Graphite Electrodes 600mm,Steel Melting Shop,Consumables,Critical,60,280000,383967,718,0,23
2024-08-31,2024,8,CON-SMS-108,Ultra-High Power Graphite Electrodes 600mm,Steel Melting Shop,Consumables,Critical,60,280000,376354,709,0,34
2024-09-30,2024,9,CON-SMS-108,Ultra-High Power Graphite Electrodes 600mm,Steel Melting Shop,Consumables,Critical,60,280000,377985,705,0,30
2024-10-31,2024,10,CON-SMS-108,Ultra-High Power Graphite Electrodes 600mm,Steel Melting Shop,Consumables,Critical,60,280000,371542,719,0,33
2024-11-30,2024,11,CON-SMS-108,Ultra-High Power Graphite Electrodes 600mm,Steel Melting Shop,Consumables,Critical,60,280000,377053,701,1,37
2024-12-31,2024,12,CON-SMS-108,Ultra-High Power Graphite Electrodes 600mm,Steel Melting Shop,Consumables,Critical,60,280000,374840,710,0,29
2025-01-31,2025,1,CON-SMS-108,Ultra-High Power Graphite Electrodes 600mm,Steel Melting Shop,Consumables,Critical,60,280000,370786,701,0,31
2025-02-28,2025,2,CON-SMS-108,Ultra-High Power Graphite Electrodes 600mm,Steel Melting Shop,Consumables,Critical,60,280000,375794,711,0,38
2025-03-31,2025,3,CON-SMS-108,Ultra-High Power Graphite Electrodes 600mm,Steel Melting Shop,Consumables,Critical,60,280000,377268,700,1,44
2025-04-30,2025,4,CON-SMS-108,Ultra-High Power Graphite Electrodes 600mm,Steel Melting Shop,Consumables,Critical,60,280000,374504,713,0,28
2025-05-31,2025,5,CON-SMS-108,Ultra-High Power Graphite Electrodes 600mm,Steel Melting Shop,Consumables,Critical,60,280000,379273,710,0,27
2025-06-30,2025,6,CON-SMS-108,Ultra-High Power Graphite Electrodes 600mm,Steel Melting Shop,Consumables,Critical,60,280000,368492,719,0,34
2025-07-31,2025,7,CON-SMS-108,Ultra-High Power Graphite Electrodes 600mm,Steel Melting Shop,Consumables,Critical,60,280000,376902,712,0,37
2025-08-31,2025,8,CON-SMS-108,Ultra-High Power Graphite Electrodes 600mm,Steel Melting Shop,Consumables,Critical,60,280000,378696,713,0,24
2025-09-30,2025,9,CON-SMS-108,Ultra-High Power Graphite Electrodes 600mm,Steel Melting Shop,Consumables,Critical,60,280000,378929,712,0,36
2025-10-31,2025,10,CON-SMS-108,Ultra-High Power Graphite Electrodes 600mm,Steel Melting Shop,Consumables,Critical,60,280000,386185,703,0,38
2025-11-30,2025,11,CON-SMS-108,Ultra-High Power Graphite Electrodes 600mm,Steel Melting Shop,Consumables,Critical,60,280000,365712,708,1,36
2025-12-31,2025,12,CON-SMS-108,Ultra-High Power Graphite Electrodes 600mm,Steel Melting Shop,Consumables,Critical,60,280000,376332,715,0,43
2026-01-31,2026,1,CON-SMS-108,Ultra-High Power Graphite Electrodes 600mm,Steel Melting Shop,Consumables,Critical,60,280000,365264,716,0,44
2026-02-28,2026,2,CON-SMS-108,Ultra-High Power Graphite Electrodes 600mm,Steel Melting Shop,Consumables,Critical,60,280000,373923,710,0,37
2026-03-31,2026,3,CON-SMS-108,Ultra-High Power Graphite Electrodes 600mm,Steel Melting Shop,Consumables,Critical,60,280000,381314,708,1,57
2026-04-30,2026,4,CON-SMS-108,Ultra-High Power Graphite Electrodes 600mm,Steel Melting Shop,Consumables,Critical,60,280000,380575,717,0,42
2026-05-31,2026,5,CON-SMS-108,Ultra-High Power Graphite Electrodes 600mm,Steel Melting Shop,Consumables,Critical,60,280000,381676,717,0,35
2026-06-30,2026,6,CON-SMS-108,Ultra-High Power Graphite Electrodes 600mm,Steel Melting Shop,Consumables,Critical,60,280000,393052,707,0,43
2026-07-31,2026,7,CON-SMS-108,Ultra-High Power Graphite Electrodes 600mm,Steel Melting Shop,Consumables,Critical,60,280000,379266,707,0,31
2026-08-31,2026,8,CON-SMS-108,Ultra-High Power Graphite Electrodes 600mm,Steel Melting Shop,Consumables,Critical,60,280000,376952,719,0,38
